bin,simulated,simulated,simulated,simulated,simulated,simulated,simulated,simulated,simulated,simulated,simulated,simulated,simulated,simulated,simulated,simulated,simulated,simulated,simulated,simulated,simulated,simulated,simulated,simulated,simulated,simulated,simulated,simulated,simulated,simulated,simulated,simulated,simulated,simulated,simulated,simulated,simulated,simulated,simulated,simulated,simulated,simulated,simulated,simulated,simulated,simulated,simulated,simulated,simulated,simulated,simulated,simulated,simulated,simulated,simulated,simulated,simulated,simulated,simulated,simulated,simulated,simulated,simulated,simulated,simulated,simulated,simulated,simulated,simulated,simulated,simulated,simulated,simulated,simulated,simulated,simulated,simulated,simulated,simulated,simulated,simulated,simulated,simulated,simulated,simulated,simulated,simulated,simulated,simulated,simulated,simulated,simulated,simulated,simulated,simulated,simulated,simulated,simulated,simulated,simulated,simulated,simulated,simulated,simulated,simulated,simulated,simulated,simulated,simulated,simulated,simulated,simulated,simulated,simulated,simulated,simulated,simulated,simulated,simulated,simulated,simulated,simulated,simulated,simulated,simulated,simulated,simulated,simulated,simulated,simulated,simulated,simulated,simulated,simulated,simulated,simulated,simulated,simulated,simulated,simulated,simulated,simulated,simulated,simulated,simulated,simulated,simulated,simulated,simulated,simulated,simulated,simulated,simulated,simulated,simulated,simulated,simulated,simulated,simulated,simulated,simulated,simulated,simulated,simulated,simulated,simulated,simulated,simulated,simulated,simulated,simulated,simulated,simulated,simulated,simulated,simulated,simulated,simulated,simulated,simulated,simulated,simulated,simulated,simulated,simulated,simulated,simulated,simulated,simulated,simulated,simulated,simulated,simulated,simulated,simulated,simulated,simulated,simulated,simulated,simulated,simulated,simulated,simulated,simulated,simulated,simulated,simulated,simulated,simulated,simulated,simulated,simulated,simulated,simulated,simulated,simulated,simulated,simulated,simulated,simulated,simulated,simulated,simulated,simulated,simulated,simulated,simulated,simulated,simulated,simulated,simulated,simulated,simulated,simulated,simulated,simulated,simulated,simulated,simulated,simulated,simulated,simulated,simulated,simulated,simulated,simulated,simulated,simulated,simulated,simulated,simulated,simulated,simulated,simulated,simulated,simulated,simulated,simulated,simulated,simulated,simulated,simulated,simulated,simulated,simulated,simulated,simulated,simulated,simulated,simulated,simulated,simulated,simulated,simulated,simulated,simulated,simulated,simulated,simulated,simulated,simulated,simulated,simulated,simulated,simulated,simulated,simulated,simulated,simulated,simulated,simulated,simulated,simulated,simulated,simulated,simulated,simulated,simulated,simulated,simulated,simulated,simulated,simulated,simulated,simulated,simulated,simulated,simulated,simulated,simulated,simulated,simulated,simulated,simulated,simulated,simulated,simulated,simulated,simulated,simulated,simulated,simulated,simulated,simulated,simulated,simulated,simulated,simulated,simulated,simulated,simulated,simulated,simulated,simulated,simulated,simulated,simulated,simulated,simulated,simulated,simulated,simulated,simulated,simulated,simulated,simulated,simulated,simulated,simulated,simulated,simulated,simulated,simulated,simulated,simulated,simulated,simulated,simulated,simulated,simulated,simulated,simulated,simulated,simulated,simulated,simulated,simulated,simulated,simulated,simulated,simulated,simulated,simulated,simulated,simulated,simulated,simulated,simulated,simulated,simulated,simulated,simulated,simulated,simulated,simulated,simulated,simulated,simulated,simulated,simulated,simulated,simulated,simulated,simulated,simulated,simulated,simulated,simulated,simulated,simulated,simulated,simulated,simulated,simulated,simulated,simulated,simulated,simulated,simulated,simulated,simulated,simulated,simulated,simulated,simulated,simulated,simulated,simulated,simulated,simulated,simulated,simulated,simulated,simulated,simulated,simulated,simulated,simulated,simulated,simulated,simulated,simulated,simulated,simulated,simulated,simulated,simulated,simulated,simulated,simulated,simulated,simulated,simulated,simulated,simulated,simulated,simulated,simulated,simulated,simulated,simulated,simulated,simulated,simulated,simulated,simulated,simulated,simulated,simulated,simulated,simulated,simulated,simulated,simulated,simulated,simulated,simulated,simulated,simulated,simulated,simulated,simulated,simulated,simulated,simulated,simulated,simulated,simulated,simulated,simulated,simulated,simulated,simulated,simulated,simulated,simulated,simulated,simulated,simulated,simulated,simulated,simulated,simulated,simulated,simulated,simulated,simulated,simulated,simulated,simulated,simulated,simulated,simulated,simulated,simulated,simulated,simulated,simulated,simulated,simulated,simulated,simulated,simulated,simulated,simulated,simulated,simulated,simulated,simulated,simulated,simulated,simulated,simulated,simulated,simulated,simulated,simulated,simulated,simulated,simulated,simulated,simulated,simulated,simulated,simulated,simulated,simulated,simulated,simulated,simulated,simulated,simulated,simulated,simulated,simulated,simulated,simulated,simulated,simulated,simulated,simulated,simulated,simulated,simulated,simulated,simulated,simulated,simulated,simulated,simulated,simulated,simulated,simulated,simulated,simulated,simulated,simulated,simulated,simulated,simulated,simulated,simulated,simulated,simulated,simulated,simulated,simulated,simulated,simulated,simulated,simulated,simulated,simulated,simulated,simulated,simulated,simulated,simulated,simulated,simulated,simulated,simulated,simulated,simulated,simulated,simulated,simulated,simulated,simulated,simulated,simulated,simulated,simulated,simulated,simulated,simulated,simulated,simulated,simulated,simulated,simulated,simulated,simulated,simulated,simulated,simulated,simulated,simulated,simulated,simulated,simulated,simulated,simulated,simulated,simulated,simulated,simulated,simulated,simulated,simulated,simulated,simulated,simulated,simulated,simulated,simulated,simulated,simulated,simulated,simulated,simulated,simulated,simulated,simulated,simulated,simulated,simulated,simulated,simulated,simulated,simulated,simulated,simulated,simulated,simulated,simulated,simulated,simulated,simulated,simulated,simulated,simulated,simulated,simulated,simulated,simulated,simulated,simulated,simulated,simulated,simulated,simulated,simulated,simulated,simulated,simulated,simulated,simulated,simulated,simulated,simulated,simulated,simulated,simulated,simulated,simulated,simulated,simulated,simulated,simulated,simulated,simulated,simulated,simulated,simulated,simulated,simulated,simulated,simulated,simulated,simulated,simulated,simulated,simulated,simulated,simulated,simulated,simulated,simulated,simulated,simulated,simulated,simulated,simulated,simulated,simulated,simulated,simulated,simulated,simulated,simulated,simulated,simulated,simulated,simulated,simulated,simulated,simulated,simulated,simulated,simulated,simulated,simulated,simulated,simulated,simulated,simulated,simulated,simulated,simulated,simulated,simulated,simulated,simulated,simulated,simulated,simulated,simulated,simulated,simulated,simulated,simulated,simulated,simulated,simulated,simulated,simulated,simulated,simulated,simulated,simulated,simulated,simulated,simulated,simulated,simulated,simulated,simulated,simulated,simulated,simulated,simulated,simulated,simulated,simulated,simulated,simulated,simulated,simulated,simulated,simulated,simulated,simulated,simulated,simulated,simulated,simulated,simulated,simulated,simulated,simulated,simulated,simulated,simulated,simulated,simulated,simulated,simulated,simulated,simulated,simulated,simulated,simulated,simulated,simulated,simulated,simulated,simulated,simulated,simulated,simulated,simulated,simulated,simulated,simulated,simulated,simulated,simulated,simulated,simulated,simulated,simulated,simulated,simulated,simulated,simulated,simulated,simulated,simulated,simulated,simulated,simulated,simulated,simulated,simulated,simulated,simulated,simulated,simulated,simulated,simulated,simulated,simulated,simulated,simulated,simulated,simulated,simulated,simulated,simulated,simulated,simulated,simulated,simulated,simulated,simulated,simulated,simulated,simulated,simulated,simulated,simulated,simulated,simulated,simulated,simulated,simulated,simulated,simulated,simulated,simulated,simulated,simulated,simulated,simulated,simulated,simulated,simulated,simulated,simulated,simulated,simulated,simulated,simulated,simulated,simulated,simulated,simulated,simulated,simulated,simulated,simulated,simulated,simulated,simulated,simulated,simulated,simulated,simulated,simulated,simulated,simulated,simulated,simulated,simulated,simulated,simulated,simulated,simulated,simulated,simulated,simulated,simulated,simulated,simulated,simulated,simulated,simulated,simulated,simulated,simulated,simulated,simulated,simulated,simulated,simulated,simulated,simulated,simulated,simulated,simulated,simulated,simulated,simulated,simulated,simulated,simulated,simulated,simulated,simulated,simulated,simulated,simulated,simulated,simulated,simulated,simulated,simulated,simulated,simulated,simulated,simulated,simulated,simulated,simulated,simulated,simulated,simulated,simulated,simulated,simulated,simulated,simulated,simulated,simulated,simulated,simulated,simulated,simulated,simulated,simulated,simulated,simulated,simulated,simulated,simulated,simulated,simulated,simulated,simulated,simulated,simulated,simulated,simulated,simulated,simulated,simulated,simulated,simulated,simulated,simulated,simulated,simulated,simulated,simulated,simulated,simulated,simulated,simulated,simulated,Groun_truth
1,31,28,27,19,25,28,31,29,30,38,36,33,35,26,35,28,26,29,31,32,21,29,33,35,46,22,37,33,32,34,23,29,20,29,32,39,33,31,28,20,30,31,33,25,33,34,30,29,40,30,23,28,27,18,28,27,25,33,26,31,26,39,23,22,28,25,27,30,35,30,28,29,24,33,35,33,27,22,31,38,34,29,25,44,34,28,24,27,38,24,30,33,30,20,27,33,35,38,32,26,33,24,25,27,40,20,33,34,38,22,37,24,29,30,29,25,20,39,32,33,41,23,36,31,36,37,38,39,28,37,28,27,31,32,32,29,26,28,37,32,37,28,36,28,33,35,30,23,20,37,36,39,25,32,33,25,27,36,29,23,33,30,29,28,33,40,26,24,38,33,32,45,34,27,26,22,36,34,32,20,17,35,24,41,27,27,21,28,28,22,30,35,36,30,33,36,38,24,21,23,31,38,28,28,31,29,27,37,31,24,31,38,29,28,36,41,30,29,38,32,30,22,32,30,36,32,22,27,24,24,34,32,34,34,36,33,34,25,40,33,24,19,30,31,23,25,22,28,37,34,31,32,23,30,23,34,31,17,30,34,33,18,39,33,28,35,21,28,32,25,28,36,32,39,35,30,30,26,35,28,21,30,28,24,21,28,37,37,39,27,29,32,23,25,36,32,36,27,25,34,32,30,20,20,35,26,30,32,27,34,35,29,40,29,24,38,31,33,33,37,28,28,20,26,31,30,30,19,31,36,24,17,42,34,28,22,31,30,34,30,46,36,28,33,37,24,34,24,40,27,29,34,36,35,32,36,25,32,30,20,31,27,36,31,36,22,34,39,27,26,33,31,27,26,38,31,27,26,38,34,30,34,37,39,29,26,27,34,24,28,29,30,31,34,30,33,36,24,44,32,30,31,31,41,39,36,30,29,36,35,25,24,31,35,25,23,40,26,25,38,23,34,32,33,29,33,36,34,31,35,23,25,37,37,31,28,26,34,37,33,31,37,27,28,31,28,25,31,29,41,32,30,28,24,30,30,23,28,25,35,29,25,34,29,34,37,27,23,39,32,30,26,30,33,28,42,34,27,29,27,35,21,33,26,31,36,20,30,28,30,36,33,30,31,22,27,37,27,30,35,32,33,26,36,35,35,23,28,27,27,29,38,29,31,33,40,26,26,24,29,21,23,37,33,23,29,39,29,30,41,32,34,25,33,39,25,34,36,34,37,36,26,31,30,33,29,26,35,36,37,29,31,32,35,21,28,41,31,30,24,28,30,23,28,29,33,27,38,25,31,32,23,37,27,31,26,32,18,31,30,34,30,32,27,22,35,26,33,33,28,25,36,30,28,34,34,31,25,26,27,26,32,37,30,32,32,21,34,38,38,23,30,32,28,26,42,33,34,34,24,31,38,23,26,23,40,33,24,37,25,29,24,23,25,22,33,36,22,29,24,32,34,24,27,30,28,32,32,32,34,29,34,38,31,30,23,37,26,26,37,27,31,34,26,34,23,22,34,28,33,27,27,40,29,33,30,33,29,20,24,31,29,40,39,34,27,32,32,28,24,24,25,29,24,33,35,33,29,28,29,31,31,23,30,33,26,35,30,30,29,40,34,24,36,28,38,24,24,32,35,25,22,36,24,29,28,21,37,23,31,24,26,25,31,28,31,15,30,21,27,30,18,31,27,31,20,31,28,20,21,44,27,18,36,29,31,25,28,23,33,34,35,32,30,33,29,19,37,27,26,21,33,33,27,30,23,33,34,27,22,30,38,30,22,26,35,27,30,27,26,25,29,36,37,28,33,36,26,29,30,30,30,28,26,41,27,32,26,36,29,31,33,22,21,31,30,36,37,37,27,34,34,25,27,33,23,30,41,34,42,33,25,35,37,38,26,24,32,39,29,28,29,28,26,43,36,27,31,29,31,34,29,35,35,38,22,27,24,35,32,36,26,34,28,33,31,28,40,26,18,34,20,32,42,22,31,28,22,27,28,32,25,26,22,33,31,42,43,29,34,20,29,35,25,26,28,28,31,32,29,34,33,32,36,28,32,31,33,28,30,38,31,28,32,26,28,27,28,29,19,36,30,30,29,26,25,39,27,31,30,32,36,28,24,23,27,33,35,37,27,32,29,30,33,37,35,32,28,39,22,28,30,29,34,47,36,33,31,34,36,40,26,26,33,28,28,26,26,35,33,26,24,22,28,36,29,37,28,36,26,21,30,20,25,35,25,37,40,22,36,26,37,35,23,30,26,27,32,24,25,65
2,27,20,30,29,32,30,30,29,23,29,21,27,31,24,29,26,32,30,21,29,24,34,33,34,26,30,31,29,29,33,29,31,20,34,35,27,29,26,28,30,25,31,23,25,30,31,32,33,32,22,35,37,27,33,40,38,30,33,32,25,19,31,34,25,28,38,34,30,24,32,33,31,32,37,41,20,30,23,31,36,22,37,35,33,29,30,31,33,25,26,45,36,29,22,30,26,28,27,28,20,25,21,33,25,24,30,27,25,24,33,31,36,30,27,23,37,27,21,35,39,29,41,24,26,30,26,39,27,20,34,36,26,34,38,21,36,28,29,37,23,31,36,31,30,26,26,35,27,29,23,33,29,40,27,28,32,22,24,30,30,37,32,32,34,20,28,29,34,22,35,37,26,33,37,33,24,22,28,26,22,21,29,27,29,35,25,22,36,33,25,27,25,35,22,24,33,35,28,34,27,28,29,28,36,34,22,31,33,27,34,25,29,28,29,38,29,23,29,29,38,31,31,22,32,28,33,32,36,21,27,24,37,29,32,36,36,22,30,31,28,29,26,26,30,27,26,29,34,29,35,27,27,22,28,32,40,25,17,34,26,27,26,33,31,34,28,26,28,31,32,26,36,37,33,27,32,34,26,35,25,35,32,27,31,15,34,42,26,24,24,33,22,22,25,20,17,27,30,30,25,33,44,26,31,33,30,27,30,22,27,40,30,39,41,38,31,25,35,38,27,24,36,33,18,28,30,24,29,26,29,28,31,28,34,35,36,18,28,22,26,22,22,35,27,21,25,21,33,33,34,19,32,25,31,24,18,36,25,32,35,33,35,30,36,28,23,30,28,32,38,20,24,36,31,31,31,40,30,23,34,35,41,23,27,27,35,18,32,26,35,25,26,43,31,29,26,36,33,27,24,33,25,29,23,33,23,33,33,25,28,28,25,27,31,29,29,31,21,34,24,25,18,18,21,28,28,40,27,29,22,26,34,26,29,27,37,32,39,23,26,42,17,33,31,26,28,43,28,25,24,32,31,29,31,28,25,39,19,26,27,25,43,28,24,30,32,32,31,26,34,31,29,31,38,28,36,23,26,21,22,28,24,25,27,39,28,24,33,22,28,31,33,32,31,22,29,24,30,28,34,33,26,26,38,32,32,33,30,33,40,19,23,27,30,33,26,27,29,25,37,33,30,30,27,24,35,26,24,30,34,33,27,31,29,31,29,34,31,31,26,30,31,26,34,27,37,39,30,41,28,32,28,29,34,34,31,28,32,26,34,27,36,40,35,26,27,35,27,21,27,23,25,32,25,23,24,30,30,22,34,39,19,24,16,30,30,28,29,30,24,28,34,22,34,23,32,31,28,22,33,25,32,31,24,26,22,34,28,27,33,38,22,24,30,33,23,31,32,29,25,32,26,31,23,26,32,28,21,34,27,38,30,29,28,26,27,30,25,27,25,27,31,36,23,25,31,24,31,27,22,33,18,20,37,29,20,43,21,32,33,38,22,29,22,36,27,37,30,25,29,33,34,32,31,38,28,25,29,25,23,25,30,22,29,39,32,28,30,36,34,26,35,29,35,30,25,26,23,24,24,22,21,40,40,36,25,28,35,26,33,36,29,33,32,28,33,39,28,23,28,33,27,31,33,39,25,25,28,40,28,25,33,27,34,26,33,27,39,28,35,29,31,36,21,35,21,29,34,24,30,16,32,24,31,27,31,25,35,27,32,26,23,25,32,27,29,20,27,22,32,36,32,37,33,25,33,34,28,19,25,15,35,34,33,37,27,33,30,20,30,42,27,29,30,18,27,32,33,32,33,26,34,29,22,27,28,30,25,29,29,21,38,23,16,29,29,25,25,29,27,24,28,21,27,33,28,34,25,21,25,28,22,25,25,34,25,24,24,35,32,36,37,27,31,26,27,19,40,26,24,36,31,31,41,22,28,36,21,37,24,26,28,25,31,24,26,30,21,29,37,29,32,29,30,26,28,26,27,29,33,31,42,31,34,23,33,31,13,24,23,30,26,30,13,30,34,33,24,31,33,35,30,29,24,23,34,29,31,27,33,33,30,27,25,38,28,24,25,18,35,31,24,35,27,27,42,33,34,34,30,36,33,32,32,30,25,34,23,31,29,27,19,27,30,23,28,33,37,35,30,26,32,16,30,22,25,38,35,24,39,30,32,30,19,31,22,27,44,35,36,25,37,28,39,35,29,27,25,34,22,23,28,31,21,28,33,27,27,24,34,34,37,27,27,25,25,39,42,14,28,61
3,25,38,31,32,35,19,27,21,32,30,29,28,38,23,24,32,41,25,36,38,33,29,25,32,31,32,34,32,29,20,33,29,27,35,41,30,24,28,26,40,24,34,42,38,22,27,35,33,23,33,31,25,29,36,33,25,37,36,29,33,27,21,34,36,36,32,24,30,29,28,39,31,33,24,39,30,21,31,33,34,35,24,28,16,29,29,29,25,37,22,25,28,24,37,27,29,27,39,32,24,34,27,26,31,29,24,36,22,34,36,31,25,36,32,27,26,25,33,31,27,25,24,25,23,25,32,27,33,35,33,35,41,30,28,27,31,27,25,25,31,38,24,25,34,24,30,26,13,26,37,28,32,28,23,32,32,30,35,35,25,29,32,25,25,30,31,21,22,36,21,26,34,30,27,37,31,19,26,27,24,31,28,34,35,25,31,26,35,30,31,32,42,27,31,38,30,33,19,21,31,29,27,35,26,21,25,23,31,31,24,34,33,27,26,31,31,30,34,31,29,26,30,32,34,18,26,25,25,32,29,36,32,20,38,29,35,29,24,29,26,27,40,39,30,33,25,35,24,23,29,30,30,27,24,25,22,31,23,30,35,24,28,27,16,31,31,30,30,26,32,25,26,20,27,30,26,21,25,29,28,24,38,26,31,33,31,24,28,36,32,29,40,26,35,33,30,33,44,29,28,26,30,37,38,22,19,34,36,36,22,20,35,32,35,24,32,21,33,27,32,34,12,29,18,27,32,26,27,40,40,33,31,38,27,37,36,37,27,36,35,28,31,38,29,31,24,33,29,32,24,30,22,33,37,28,35,27,36,31,31,32,33,26,24,30,22,39,32,20,35,36,34,29,33,23,36,38,35,26,31,33,31,26,30,21,29,32,33,26,24,25,32,23,28,22,26,37,38,34,22,31,28,19,34,20,29,27,22,26,31,23,31,30,28,35,27,29,33,33,35,25,36,25,19,21,32,28,25,25,36,22,20,31,24,27,33,26,33,21,36,24,19,35,26,30,31,31,37,35,37,29,23,25,28,34,20,21,34,26,44,18,31,27,21,37,28,23,31,30,29,38,27,27,21,35,26,26,31,34,33,26,30,22,22,42,33,33,34,35,37,14,26,25,24,39,27,24,29,30,19,21,24,38,28,25,34,38,26,32,26,35,25,36,36,21,25,25,24,34,29,33,24,29,17,32,27,33,37,33,28,34,23,32,31,42,26,22,28,24,25,27,28,22,34,36,28,26,33,27,37,32,32,28,30,35,27,27,24,42,21,26,22,35,35,33,29,30,22,30,26,30,25,35,26,32,25,32,25,33,30,26,29,39,27,20,27,21,26,34,25,39,31,23,28,27,35,28,24,28,41,34,26,35,23,32,36,25,30,30,38,36,31,29,31,41,23,23,25,33,29,34,26,27,34,29,31,30,25,19,28,33,30,26,26,18,33,27,37,33,29,28,22,27,28,43,25,23,25,30,29,31,24,32,28,26,27,30,25,23,26,43,28,36,31,28,37,26,19,33,24,28,20,30,22,27,23,12,31,43,35,23,37,22,21,28,33,24,33,41,31,32,27,28,41,21,20,24,30,27,35,27,32,30,26,33,34,37,24,22,26,30,24,33,21,27,24,20,17,27,25,32,35,25,31,24,31,33,23,32,34,32,36,27,18,22,26,21,34,34,37,27,27,32,26,30,32,26,26,28,25,28,34,36,28,31,34,29,31,36,37,33,25,33,25,38,33,40,30,28,24,35,33,28,20,25,27,30,23,35,30,28,32,24,29,19,35,31,30,20,31,34,32,37,24,28,34,31,27,23,27,32,28,26,30,29,22,28,24,34,24,34,29,26,35,42,34,23,35,46,33,35,29,25,25,46,28,24,37,31,32,30,25,25,29,23,29,25,27,31,36,43,28,29,30,23,24,21,44,25,31,34,23,37,20,31,41,28,37,20,23,29,23,29,30,26,33,24,26,22,37,23,27,26,21,27,32,30,24,30,30,36,34,29,31,30,36,24,27,26,18,23,31,23,29,34,31,31,26,30,31,33,23,18,33,24,23,22,34,32,24,35,35,33,25,34,31,23,33,31,32,30,36,22,42,34,25,26,34,40,28,23,24,22,26,25,38,25,32,26,37,32,28,45,34,22,34,33,39,28,26,25,29,42,33,26,25,20,39,38,23,22,35,27,27,33,34,33,19,20,22,27,21,34,45,36,37,20,32,26,30,29,22,30,30,27,25,33,29,28,20,33,29,31,30,28,28,29,25,34,29,56
4,24,29,25,40,26,28,27,42,23,28,26,21,22,30,32,24,28,32,39,31,31,33,17,28,26,28,28,28,29,27,24,29,33,33,37,28,26,24,18,28,31,31,17,28,31,24,24,41,32,24,40,31,25,35,21,20,22,25,31,29,24,30,42,28,28,28,23,29,18,28,25,25,28,32,21,21,32,30,19,19,28,30,30,32,20,29,18,22,38,25,27,20,35,25,30,39,29,34,25,40,32,32,36,30,33,23,24,31,21,41,27,32,28,28,29,32,25,36,26,32,36,35,28,24,26,25,36,28,24,24,28,26,25,22,26,32,26,23,24,38,22,36,34,23,41,32,31,34,28,28,34,24,35,37,20,33,28,17,28,22,35,36,28,28,31,23,30,28,39,26,34,28,28,31,32,27,24,28,35,33,30,26,38,33,22,29,37,28,31,28,29,36,27,31,43,30,27,31,32,23,26,37,29,20,29,35,31,28,41,33,27,25,32,41,33,28,27,23,34,23,32,31,34,36,38,36,23,34,28,23,40,38,34,33,20,27,28,30,28,18,26,28,14,31,29,24,28,31,31,26,29,30,28,31,23,27,33,32,37,33,26,29,23,34,21,31,31,30,34,35,27,25,36,21,36,40,23,24,21,32,32,30,34,26,34,27,35,28,29,29,34,22,24,27,23,19,34,30,27,27,31,31,26,17,38,19,23,29,27,32,32,27,27,25,23,17,30,33,28,31,31,31,33,37,26,25,35,19,34,24,22,23,30,27,40,31,28,29,31,27,26,36,28,31,27,29,30,28,31,32,33,27,35,27,28,31,28,25,28,25,31,27,31,22,32,31,27,21,23,25,40,39,24,25,32,30,23,33,40,20,22,19,22,27,28,27,27,27,32,30,28,31,32,37,28,35,32,27,22,18,34,31,28,33,24,32,26,36,27,26,33,24,29,34,26,23,30,27,16,20,37,24,25,23,31,26,33,40,27,26,31,32,38,31,28,37,33,33,35,31,31,37,32,28,21,33,28,30,25,29,36,30,26,17,37,30,33,24,37,28,23,28,38,36,34,25,32,27,23,31,14,30,36,31,29,43,26,32,27,32,32,24,27,25,36,21,26,39,24,26,32,23,21,32,38,17,35,26,21,35,32,29,33,26,23,31,29,22,34,26,23,27,19,32,26,27,40,33,28,28,16,30,19,24,28,20,24,26,19,29,35,28,41,26,25,29,21,34,30,30,29,23,33,31,39,24,25,30,36,22,40,27,34,27,33,25,31,31,21,27,24,34,23,28,24,23,26,31,27,35,25,31,38,28,31,31,36,31,21,32,29,30,29,27,31,34,37,37,26,29,31,26,46,38,33,34,23,28,30,21,30,28,18,27,33,33,29,27,27,34,24,35,21,27,34,33,30,28,30,20,20,19,25,28,29,34,30,28,33,24,37,28,42,31,31,34,28,26,24,20,24,22,30,40,24,27,29,35,20,26,33,28,34,31,31,33,21,21,22,36,29,27,30,21,32,37,33,27,31,40,20,18,23,32,35,23,33,19,23,42,33,30,27,23,44,30,29,29,35,36,23,32,29,35,21,26,33,25,38,26,32,21,28,36,39,23,22,28,24,26,25,30,19,27,26,28,27,26,28,23,28,32,25,32,27,39,21,26,29,30,24,22,28,33,19,18,28,19,29,36,32,28,31,27,33,28,33,27,22,37,28,29,19,36,28,28,27,21,23,29,29,21,32,34,28,29,35,34,29,35,29,23,28,31,26,28,23,21,23,29,38,23,30,26,32,31,23,28,22,28,31,27,25,38,26,24,35,37,32,25,27,21,24,23,34,21,26,23,27,24,32,43,40,29,41,38,24,33,24,29,38,31,26,33,24,27,27,17,31,26,30,29,25,20,32,22,30,24,27,25,28,26,34,31,29,27,33,30,25,31,37,18,28,27,27,25,34,24,25,37,33,24,30,23,29,39,27,34,34,28,33,24,22,25,35,17,24,24,32,31,39,25,28,37,33,38,20,30,32,19,31,29,21,40,32,39,28,27,38,26,28,27,28,35,37,33,32,33,24,34,33,29,24,22,20,20,35,28,28,24,19,29,31,25,22,32,36,33,38,32,19,23,29,27,35,40,27,22,36,33,30,37,26,30,31,30,31,40,24,37,30,40,32,25,27,27,23,35,35,28,27,26,26,26,26,29,25,32,30,24,40,23,26,31,26,32,33,35,30,32,29,37,27,24,27,32,21,33,33,28,30,31,21,23,26,29,29,26,27,28,51
5,34,37,25,31,28,30,25,26,34,30,23,31,27,29,32,33,29,26,30,26,31,32,42,33,25,29,26,40,33,33,22,16,24,37,33,27,33,26,30,32,36,30,26,17,43,30,32,37,27,21,15,22,20,25,18,29,39,28,35,22,32,32,21,37,31,27,24,31,31,24,21,22,26,32,30,33,33,28,36,34,32,23,33,22,30,27,28,36,23,35,26,29,26,40,25,29,27,28,26,27,27,21,21,27,20,26,37,34,25,24,28,31,23,35,31,24,23,33,33,36,34,25,33,29,25,27,33,40,38,17,34,25,20,23,24,24,28,36,29,23,22,34,30,27,26,36,32,34,25,39,31,32,33,31,25,23,23,22,27,28,38,25,29,24,24,38,26,25,43,20,26,38,26,21,32,31,28,27,39,27,35,20,25,35,24,24,27,30,31,19,23,25,35,17,32,28,27,36,24,28,32,24,28,29,28,35,28,38,23,21,25,35,38,25,29,26,43,27,40,30,30,27,41,28,25,20,29,35,31,25,32,28,39,22,26,32,33,31,27,38,32,26,33,22,28,35,30,29,28,20,28,35,24,26,36,32,22,26,27,40,30,29,26,29,35,42,26,19,23,26,27,39,29,21,31,27,32,31,23,30,17,38,23,26,44,31,22,25,26,26,24,27,29,28,24,29,25,28,28,27,38,29,26,32,23,25,36,32,26,35,25,33,35,26,29,27,25,30,32,25,32,29,25,26,37,24,27,26,28,31,36,29,19,32,25,40,34,37,26,30,22,29,35,34,33,33,23,31,26,26,30,32,28,28,40,27,31,39,30,30,31,28,32,26,24,33,32,37,28,24,15,25,34,37,28,26,25,32,25,32,28,27,40,25,35,27,22,25,49,31,28,22,29,21,23,25,32,30,25,29,25,34,31,34,42,27,40,33,34,23,30,22,35,26,31,37,29,36,42,27,34,23,32,27,36,25,28,21,33,30,19,22,31,26,31,37,29,22,24,25,32,24,30,29,29,38,35,29,40,27,30,24,27,31,26,31,33,25,32,25,18,34,28,33,36,31,24,28,30,30,34,36,34,23,34,28,35,27,27,27,28,36,28,36,32,38,36,32,27,26,31,22,26,23,39,26,27,31,25,28,30,37,22,21,24,24,30,26,32,25,24,29,33,34,35,23,33,30,21,24,30,23,34,45,31,15,37,22,27,31,33,23,25,27,28,31,26,35,23,26,28,23,39,36,27,35,22,25,27,27,30,32,36,23,28,32,23,39,29,27,25,24,25,38,31,27,30,26,27,28,23,24,29,28,24,19,21,22,27,37,26,20,22,37,24,24,31,28,23,32,29,27,23,22,21,36,30,26,26,26,27,33,28,31,30,31,30,27,34,31,22,33,25,25,26,35,26,36,19,26,41,18,24,32,21,31,31,22,28,33,33,32,31,25,35,23,27,36,25,26,22,26,30,35,24,36,27,22,32,31,24,23,24,34,26,29,32,22,39,28,33,24,28,22,33,35,23,38,30,27,28,29,28,30,26,27,31,22,38,27,28,24,29,26,35,26,40,31,34,30,32,33,24,31,30,38,33,25,32,23,35,34,33,34,35,38,28,31,34,26,30,24,20,22,33,19,26,24,32,28,34,26,31,27,25,32,24,25,33,25,23,25,30,29,22,32,29,28,31,33,29,34,49,17,29,24,47,30,32,32,33,25,27,29,37,31,21,22,31,36,25,19,39,36,26,20,25,27,24,21,34,24,31,31,32,32,29,29,21,25,36,31,29,32,39,29,23,25,24,27,33,33,23,29,30,27,23,28,22,27,26,33,26,27,30,32,26,25,23,28,35,26,34,30,23,29,31,34,33,21,27,19,38,33,23,32,25,23,21,35,35,27,26,28,42,33,28,24,33,37,33,31,34,29,35,34,26,21,27,39,23,28,38,33,28,31,21,30,16,33,27,29,19,27,33,35,30,29,25,24,34,20,25,35,27,29,32,33,36,20,43,30,33,40,26,31,27,27,34,23,34,29,22,18,24,27,45,32,25,33,30,17,32,36,32,35,26,30,36,28,28,25,31,31,37,29,26,23,30,24,28,24,27,25,20,33,32,30,23,24,30,40,27,27,33,34,28,32,44,23,27,24,30,25,28,38,20,30,32,23,30,28,28,32,25,25,27,31,22,30,34,25,29,35,30,33,24,36,20,31,31,30,32,25,30,32,24,17,32,37,29,32,25,20,31,34,33,16,27,27,36,29,32,26,27,21,24,22,30,30,55
6,32,24,35,30,25,28,26,27,40,24,23,27,37,34,26,22,35,26,36,25,23,26,35,41,44,29,35,26,31,31,29,32,20,25,26,26,27,31,25,25,24,28,33,29,28,25,20,24,29,32,29,26,31,28,28,37,31,24,19,35,37,23,21,27,21,25,21,30,34,42,36,36,36,31,31,24,28,33,32,27,31,34,26,22,30,30,16,37,28,41,32,31,37,26,27,28,29,26,24,28,28,24,32,34,33,21,19,28,37,28,28,28,33,30,35,28,16,23,30,15,35,27,28,34,28,33,23,34,30,15,29,27,32,21,31,33,31,28,26,18,34,32,28,27,31,28,34,34,25,29,23,28,29,24,27,24,34,37,32,28,28,23,31,37,30,39,31,25,26,28,28,29,35,28,27,29,28,26,40,27,36,22,30,24,36,47,30,27,26,25,36,33,33,29,28,22,34,25,28,35,32,39,26,33,27,27,25,31,24,25,32,25,25,26,34,39,32,26,23,33,29,32,21,33,26,28,28,30,34,30,24,28,21,26,22,30,33,41,33,30,41,29,36,38,33,27,32,26,28,28,35,34,31,33,34,30,27,26,25,24,27,31,31,31,32,30,33,28,33,31,20,26,38,25,27,20,30,25,26,28,25,29,23,32,27,22,24,39,21,27,32,32,25,21,35,28,32,23,24,34,24,28,33,25,28,35,20,21,23,28,37,28,27,27,25,21,31,36,22,35,30,32,32,23,37,39,20,37,37,34,18,30,36,31,30,28,21,28,27,22,38,30,32,29,27,32,23,32,32,33,28,36,34,28,37,42,23,31,30,33,30,30,39,27,35,43,21,30,24,24,32,25,30,31,34,30,27,25,20,34,27,24,32,28,38,30,28,31,27,15,23,34,28,35,24,20,37,23,28,35,22,31,30,14,33,27,18,30,27,29,22,32,29,32,36,22,27,34,25,24,31,31,33,38,29,26,29,34,26,27,21,30,25,32,28,29,30,27,30,20,43,36,29,37,23,29,24,26,36,25,27,33,28,28,26,28,23,23,30,27,24,37,46,18,31,28,31,35,31,29,35,36,21,32,27,31,35,46,30,29,40,34,31,30,24,33,25,29,28,30,36,30,27,41,21,42,25,28,26,29,23,21,30,29,22,29,31,14,28,29,33,33,22,32,24,27,18,27,37,29,26,32,31,21,32,27,26,30,22,41,31,27,33,21,26,25,25,26,34,27,21,33,32,19,19,19,25,26,30,35,26,32,31,28,31,29,23,42,33,29,27,26,27,36,37,33,30,25,27,20,20,30,25,31,26,26,31,21,34,32,28,20,28,31,34,25,30,25,24,30,44,18,20,26,33,34,22,31,28,30,30,34,33,20,30,23,23,27,35,31,34,32,31,31,37,31,31,30,31,21,26,34,40,31,32,24,33,20,29,35,24,21,21,28,28,23,22,25,32,35,34,28,21,30,35,34,29,19,19,28,35,34,20,25,38,26,32,38,34,27,39,30,30,21,32,18,41,33,29,37,25,26,31,40,39,34,24,31,18,29,30,27,32,38,27,27,30,24,26,31,30,42,20,23,26,36,33,36,26,18,31,31,36,32,23,24,26,40,26,37,33,25,29,22,30,26,29,25,28,24,24,23,31,31,22,29,27,21,28,24,23,40,32,25,25,15,30,33,50,25,30,23,28,26,38,24,30,26,24,30,25,25,25,35,31,30,29,30,23,37,27,30,34,36,27,34,38,32,30,17,27,28,21,32,22,32,21,23,33,21,23,35,27,27,36,29,32,25,28,29,27,30,30,22,29,25,27,30,17,30,36,25,26,33,25,26,28,26,33,29,31,26,40,25,24,17,29,32,23,30,26,24,29,30,31,37,21,26,35,31,29,33,28,33,22,40,32,26,29,30,30,29,18,33,38,44,32,23,27,29,35,37,25,20,24,32,22,27,27,31,36,32,34,30,20,26,23,22,37,19,36,23,28,20,31,28,30,26,25,36,30,32,25,31,26,27,25,24,33,36,21,25,30,33,37,27,35,29,26,30,32,30,23,29,25,26,30,38,26,30,33,33,34,25,25,22,26,28,25,29,35,33,25,31,30,24,28,33,30,23,28,36,36,26,23,29,33,26,18,36,35,34,30,25,31,26,27,37,21,23,21,21,28,30,32,37,25,36,14,42,31,37,36,25,29,26,36,23,37,26,39,28,19,22,29,16,31,25,22,34,31,26,38,29,35,26,31,32,34,36,21,14,39,35,25,29,30,26,35,24,53
7,26,27,32,26,35,31,23,32,40,26,38,35,34,31,26,38,26,26,29,26,27,24,24,25,26,38,21,28,32,30,29,28,16,30,37,45,24,34,41,34,25,33,28,23,32,31,20,36,25,29,30,32,33,32,32,31,27,27,33,33,32,31,24,25,30,30,29,27,34,22,29,28,33,29,30,27,28,34,33,27,32,39,34,26,31,24,37,33,22,14,33,22,30,24,38,35,22,33,28,28,42,36,36,29,35,34,20,23,30,23,30,33,34,25,27,32,38,28,31,34,27,32,29,29,36,27,32,35,20,36,31,26,38,32,32,33,31,27,27,29,22,22,35,28,34,25,16,31,23,29,36,34,26,26,30,35,37,32,23,36,23,29,23,35,33,25,28,38,32,26,38,28,35,33,18,33,35,26,35,30,30,38,32,32,29,30,40,26,32,25,29,32,28,35,23,30,38,37,31,37,25,27,31,34,20,20,44,33,22,26,28,23,40,37,26,22,33,33,35,25,31,36,22,28,40,40,23,32,29,29,31,21,33,40,23,23,34,35,37,35,29,30,44,21,26,39,32,25,33,35,29,30,31,24,32,30,22,29,28,32,36,33,31,36,27,30,31,25,24,20,31,24,35,26,33,27,35,29,43,35,30,25,34,18,37,26,26,29,29,34,29,23,25,32,32,37,36,31,29,31,23,27,42,29,28,31,22,25,27,31,33,24,32,24,40,29,29,29,29,28,18,32,25,30,19,23,33,40,25,27,22,20,31,29,21,23,46,35,31,26,30,25,28,32,30,31,30,19,33,34,24,27,22,36,37,35,23,30,24,30,33,28,24,33,24,26,36,20,28,34,38,23,41,37,31,35,31,19,29,19,29,26,31,34,28,38,31,25,30,23,23,31,22,27,43,36,35,28,22,25,28,35,24,26,32,34,32,30,21,29,22,33,33,24,31,24,24,25,20,35,29,34,27,32,33,33,29,20,26,28,27,25,30,41,20,24,27,25,38,28,26,26,21,28,36,23,26,24,21,32,21,24,37,24,24,29,32,38,31,29,24,28,38,29,29,18,24,31,24,36,34,28,22,29,29,24,33,30,27,22,36,26,24,28,32,34,37,38,23,21,29,31,24,36,30,23,26,26,33,31,29,29,32,25,37,21,33,42,21,29,27,31,23,25,38,21,28,27,24,21,23,33,34,27,30,30,30,36,36,30,27,24,25,31,26,32,21,27,32,26,22,33,39,27,36,30,29,33,31,27,31,19,30,26,31,32,21,26,25,25,26,30,30,24,30,31,27,26,35,35,37,26,28,17,17,28,41,22,25,31,36,28,27,26,28,25,29,28,33,22,41,24,25,35,22,28,23,25,25,27,27,31,26,21,22,33,31,32,28,31,19,36,26,35,26,28,29,24,19,28,26,34,33,42,32,22,34,28,24,24,40,23,30,33,22,26,25,23,32,29,29,32,23,40,17,35,23,24,27,28,25,32,25,25,22,26,28,38,27,25,21,29,46,41,27,23,29,19,32,28,30,26,34,32,31,34,27,29,43,35,26,29,30,23,28,45,30,25,22,24,32,20,28,39,25,32,22,30,31,28,26,31,30,20,26,27,21,26,32,35,25,27,30,30,27,31,35,40,27,31,30,28,32,21,27,45,28,31,16,24,32,27,27,33,36,31,30,37,25,38,35,31,34,24,16,36,30,35,35,35,40,26,24,30,36,23,33,21,32,33,35,33,26,26,32,28,28,27,27,29,35,28,30,33,30,32,25,24,21,33,38,27,26,19,31,33,33,30,21,22,30,34,26,31,26,21,36,29,32,41,25,24,31,17,26,24,35,30,29,40,29,21,19,26,22,34,32,31,31,24,31,40,20,28,29,32,24,28,35,29,24,41,27,31,33,35,31,33,35,23,29,24,27,32,36,39,35,30,21,29,29,30,36,32,32,26,31,25,19,30,32,32,35,23,35,25,24,31,30,27,24,33,29,31,38,28,24,29,32,26,30,25,27,30,35,34,29,31,30,35,21,23,23,25,35,34,27,28,32,33,34,25,25,26,26,27,49,32,25,37,22,36,25,25,32,27,26,32,29,32,23,32,46,32,28,17,32,25,26,17,35,33,29,30,24,30,20,21,25,31,21,27,19,26,23,31,27,24,25,24,23,24,30,31,30,24,39,30,23,31,24,40,27,18,36,32,30,24,19,28,25,25,34,29,32,23,37,41,32,25,26,18,31,20,26,21,30,21,39,29,36,28,26,40,19,31,35,34,24,35,54
8,33,31,34,32,26,24,30,34,33,33,29,18,21,28,29,31,36,21,28,25,29,25,24,29,30,23,36,26,32,22,35,27,29,27,27,30,29,31,32,23,32,28,28,31,24,26,27,28,32,23,29,27,25,38,46,35,28,20,30,33,35,28,32,26,27,35,28,16,26,35,28,27,17,30,25,34,20,29,25,28,27,26,39,34,21,24,38,29,28,28,28,28,36,25,33,28,36,29,24,24,30,29,25,38,23,31,28,39,31,29,23,31,31,20,35,27,29,26,31,27,29,28,21,28,27,27,28,28,25,28,31,22,34,32,33,21,21,25,34,30,28,29,32,23,29,21,29,27,25,28,35,34,27,30,33,22,22,22,30,28,34,26,36,28,39,15,24,24,25,25,29,42,23,17,27,26,35,26,25,25,28,25,43,38,43,37,19,29,31,33,29,28,34,28,36,26,25,29,34,29,21,27,31,36,14,29,38,20,32,35,26,29,30,19,32,30,35,29,27,20,18,21,31,35,20,41,22,34,25,32,24,34,38,33,26,27,27,27,17,29,24,30,32,23,27,36,34,36,19,38,25,33,27,19,37,38,31,25,36,31,28,26,24,27,25,26,36,28,28,29,28,38,24,31,25,31,25,27,33,24,30,27,22,28,34,48,29,33,24,37,30,37,43,32,38,34,33,24,31,31,31,28,33,26,20,31,29,25,29,30,33,35,32,24,17,22,30,29,28,22,29,27,25,30,31,23,21,25,31,40,32,41,26,25,27,32,22,35,28,27,32,23,39,28,30,21,23,31,26,31,28,31,26,22,32,38,35,29,29,32,23,35,34,30,21,36,22,26,37,38,27,30,22,42,31,27,22,29,19,26,26,29,30,32,34,23,37,26,32,28,32,31,34,39,26,25,38,29,23,35,30,31,25,23,23,31,18,27,37,22,26,33,28,24,21,33,31,29,27,24,25,41,31,24,27,28,42,27,27,20,27,30,16,19,23,25,36,32,32,28,28,30,34,25,33,23,34,25,33,37,32,29,33,26,31,27,28,25,38,33,27,35,22,38,31,30,24,30,27,24,25,27,32,37,26,27,22,31,37,33,31,28,33,18,27,29,30,25,29,31,25,22,23,24,22,37,30,33,31,22,25,27,23,20,37,28,32,35,28,30,28,21,30,28,31,24,32,30,29,24,28,33,38,34,31,26,26,23,27,30,35,24,30,40,30,31,30,38,31,34,28,18,29,34,26,29,26,39,33,30,30,26,38,27,29,21,33,33,25,30,26,35,24,21,26,35,34,24,27,24,25,31,28,21,35,35,33,31,27,33,25,31,23,44,25,25,31,35,20,24,32,28,31,23,30,30,31,37,28,36,22,39,27,24,25,33,25,23,13,27,36,28,31,20,31,27,28,38,17,24,29,20,34,32,33,26,34,30,22,31,30,34,25,34,28,27,37,31,24,29,41,28,29,31,31,24,29,30,33,18,25,29,25,30,25,31,27,35,26,36,29,30,37,28,20,36,35,28,33,34,39,27,32,34,37,31,28,30,30,30,34,19,30,27,33,21,29,37,34,35,29,27,29,26,35,23,30,33,29,31,23,31,35,33,34,29,32,35,36,24,28,29,31,31,26,32,49,21,21,24,31,27,25,28,30,24,28,24,24,25,30,32,37,34,29,29,26,23,38,29,32,34,33,29,29,34,41,33,32,30,35,25,25,27,32,26,31,23,24,28,32,34,37,36,25,34,31,33,26,39,26,31,26,20,35,32,18,27,26,26,36,31,23,37,26,29,29,24,28,25,22,31,33,24,26,24,27,28,39,23,26,36,29,27,32,40,35,20,23,33,30,28,25,36,32,27,31,27,20,27,33,29,37,36,34,18,20,21,33,22,22,36,38,25,35,23,19,35,25,35,17,27,19,35,32,34,30,29,24,27,29,32,32,24,31,37,22,31,32,35,42,25,21,21,24,28,23,33,36,35,36,34,35,20,30,24,21,30,30,31,30,30,34,20,27,36,26,26,31,24,30,32,17,30,35,35,24,33,30,23,31,23,30,26,28,24,30,28,31,27,21,35,24,27,29,16,25,32,25,27,24,31,27,21,24,28,29,31,27,18,23,25,31,32,34,29,27,28,38,34,19,28,24,23,33,25,20,30,33,37,27,31,35,32,29,34,31,26,38,27,25,23,28,30,29,17,29,31,32,20,24,38,31,33,25,24,35,25,28,22,30,20,30,35,18,25,30,27,27,30,36,31,33,27,34,27,29,45,28,28,56
9,29,24,35,21,24,23,31,30,30,32,29,29,18,25,23,23,22,36,30,29,23,27,26,30,25,30,23,24,35,25,21,24,28,27,33,32,38,24,30,23,31,32,23,38,32,24,25,29,35,37,30,31,35,27,28,35,31,38,31,20,42,29,22,36,31,21,27,21,28,35,31,23,35,30,25,31,28,33,22,32,24,23,29,31,27,28,32,39,23,25,23,29,33,32,26,27,36,33,27,29,31,23,26,25,28,32,28,35,24,30,26,38,27,25,30,36,31,25,27,34,33,32,32,31,31,34,30,30,36,24,28,23,29,28,26,35,36,25,26,26,26,23,25,40,34,32,26,26,30,30,32,21,32,30,26,34,25,29,27,27,32,35,33,22,22,30,30,39,29,22,37,34,25,22,28,22,25,29,27,28,38,41,21,28,29,37,25,27,29,28,24,37,30,19,30,25,36,26,26,27,25,19,31,32,31,24,32,31,25,23,22,34,38,18,25,25,32,20,29,29,27,29,30,33,22,19,34,31,38,34,24,25,34,30,24,32,25,23,27,31,32,29,40,38,36,29,32,25,30,21,36,30,38,29,29,22,28,28,22,31,24,19,36,31,29,30,33,30,29,22,26,28,38,27,27,24,22,34,33,25,35,31,27,27,29,22,31,24,35,28,29,23,30,40,28,31,26,25,19,26,29,29,35,29,23,25,30,34,22,34,29,21,32,38,23,24,28,32,31,19,40,29,16,32,28,26,29,26,30,29,31,20,27,35,31,32,19,28,26,30,31,32,26,33,18,20,31,37,27,33,29,27,37,30,21,30,26,39,34,27,30,29,29,16,34,20,31,27,43,37,28,22,30,29,33,33,17,39,31,25,29,39,24,35,16,31,25,26,28,36,31,22,32,28,28,29,16,25,32,38,29,25,26,29,30,32,28,32,34,19,37,35,35,29,19,35,27,26,24,30,26,33,31,29,22,19,35,25,27,23,28,20,36,27,28,32,21,22,16,25,35,32,27,26,27,43,36,28,30,32,22,29,28,31,25,29,30,25,43,29,32,31,39,31,39,28,21,31,33,39,28,27,38,30,36,32,25,27,38,33,32,26,27,31,31,36,35,36,29,22,30,17,25,27,39,34,29,36,33,32,22,28,31,34,30,30,30,24,21,29,29,29,22,33,21,31,24,25,29,35,25,26,28,25,27,24,42,35,28,38,25,34,30,32,24,27,31,28,30,30,30,30,28,31,30,23,34,17,23,25,32,26,22,24,31,33,25,25,25,27,32,45,31,29,30,20,22,27,40,27,21,27,31,32,34,26,30,30,29,39,34,29,18,34,39,33,29,26,31,26,32,30,36,28,32,29,28,15,30,18,32,35,23,32,25,33,29,28,30,34,26,44,30,37,29,24,28,21,30,31,26,25,50,23,32,25,32,20,29,29,27,24,29,29,26,34,39,26,33,25,33,36,32,37,30,40,30,33,40,28,22,26,22,28,17,31,28,22,22,29,30,27,26,27,31,47,30,29,25,24,23,28,27,31,30,28,26,30,34,29,24,42,23,20,30,30,29,29,22,32,25,27,34,22,33,26,27,35,20,28,28,22,34,31,37,23,28,31,34,28,31,34,29,28,28,30,27,28,20,29,28,23,35,28,25,30,34,32,17,28,27,26,27,29,36,30,27,24,28,27,27,24,34,27,31,27,37,22,38,30,46,31,24,27,27,37,25,29,31,31,34,27,30,34,23,27,34,34,26,32,22,31,26,24,22,39,25,33,28,24,31,24,23,21,32,29,35,22,29,32,27,24,30,30,32,27,31,39,28,29,31,36,32,26,31,25,26,30,26,33,30,41,36,25,22,26,25,30,29,23,29,30,27,17,38,32,31,27,31,22,30,34,22,30,36,30,24,26,32,25,25,28,39,32,32,27,24,41,30,30,24,30,28,21,35,29,28,29,31,33,25,37,21,35,33,30,31,25,19,16,31,34,29,32,26,22,36,33,29,29,36,36,21,30,34,32,18,19,31,22,37,43,38,32,34,24,25,28,31,30,19,24,37,30,37,27,34,31,28,32,31,40,34,28,29,38,26,36,33,29,40,41,37,27,22,13,23,31,28,26,24,28,30,34,27,24,40,34,36,18,30,27,29,21,36,31,29,28,36,32,27,33,32,27,27,29,38,27,26,27,27,20,26,28,24,28,29,27,28,30,32,24,25,31,29,30,29,29,28,28,22,25,36,29,27,34,34,31,29,21,35,20,27,20,31,37,35,35,38,21,47
10,32,38,26,29,24,41,30,35,23,24,30,26,23,31,20,22,27,42,25,28,25,28,31,30,34,37,26,35,24,31,36,35,22,27,27,27,25,24,29,32,27,31,26,34,35,28,35,19,28,31,26,31,27,34,28,27,24,33,26,26,36,30,31,26,38,33,27,25,23,22,20,24,30,31,27,21,27,24,24,30,32,32,25,31,30,32,29,42,31,33,46,24,34,30,27,27,37,27,41,36,28,15,28,36,21,29,37,32,27,32,34,26,39,24,31,25,34,29,23,25,42,21,31,24,27,33,24,36,36,34,31,23,33,30,31,39,39,28,20,29,31,27,29,29,38,38,31,43,29,22,28,33,24,30,26,36,24,24,29,35,26,32,25,25,27,27,28,27,32,46,19,32,38,31,34,30,34,32,29,35,28,23,32,28,32,28,28,30,28,37,29,27,18,30,26,43,33,37,31,33,25,22,19,34,19,28,26,30,19,36,27,39,31,38,37,21,23,30,26,24,34,22,25,25,27,28,25,25,30,26,24,39,24,26,30,28,25,27,33,22,25,22,28,33,33,31,28,31,26,21,33,22,36,33,23,31,35,31,21,35,36,29,26,32,30,34,20,24,28,24,31,26,29,30,30,30,28,37,41,23,36,24,36,35,27,23,30,22,31,25,25,28,38,27,24,26,26,35,34,21,27,19,36,39,28,25,37,29,30,23,37,41,27,25,27,30,28,31,34,33,29,29,30,26,26,28,27,25,33,29,34,26,31,30,31,27,27,27,30,33,33,28,32,21,26,26,24,26,34,24,26,38,29,30,34,33,21,31,36,27,32,31,27,35,40,31,30,38,18,30,24,25,24,30,32,30,30,35,29,34,29,19,31,33,19,27,30,36,37,32,31,36,28,38,35,34,17,35,39,36,45,32,33,45,24,27,27,37,40,31,34,26,25,19,24,27,31,26,33,30,38,29,31,25,29,31,31,32,29,39,29,35,28,28,29,27,24,17,25,23,29,29,27,23,29,19,29,17,27,27,30,24,20,34,15,26,17,23,30,35,28,24,22,29,31,31,29,22,28,28,35,24,39,35,23,30,28,25,29,24,33,32,35,32,31,37,20,24,42,31,33,24,29,34,27,25,30,34,30,35,27,29,26,24,27,27,28,31,32,27,30,24,27,38,22,27,29,29,27,28,33,17,28,33,28,27,41,30,31,29,36,33,25,28,31,17,34,31,30,33,26,26,38,28,35,35,25,41,26,25,31,22,31,26,32,20,32,26,20,26,22,32,30,20,27,34,31,33,21,29,32,32,35,26,25,24,28,32,36,25,22,32,26,32,27,28,34,28,21,37,33,21,18,28,24,36,22,22,32,25,35,24,24,26,25,24,25,25,26,30,29,25,36,23,20,35,45,32,28,32,30,31,28,37,18,33,22,29,27,23,34,35,36,36,37,27,30,35,24,29,34,20,39,30,28,39,34,28,26,30,23,29,23,32,30,30,28,37,39,32,23,25,20,41,29,36,28,34,29,30,27,33,31,25,35,36,25,36,25,31,37,28,30,27,22,37,43,32,36,19,35,26,29,24,27,26,26,37,34,31,37,29,20,23,25,30,34,41,28,27,27,27,26,25,35,30,23,37,34,28,32,44,22,25,32,41,24,30,39,29,25,27,35,22,30,27,34,29,23,23,22,29,33,30,35,26,32,29,26,22,23,24,28,31,26,36,37,19,30,31,33,30,32,22,38,29,26,29,32,19,29,31,30,29,25,25,29,35,37,26,21,29,22,24,31,34,32,26,29,40,24,35,21,26,21,33,28,34,20,19,28,34,30,25,25,33,37,34,29,31,35,21,30,26,32,28,39,30,27,31,35,22,27,23,29,34,31,26,36,27,24,33,18,18,25,29,30,32,25,31,39,29,15,28,34,37,29,29,21,26,25,18,29,40,31,30,31,34,31,29,26,28,27,24,44,29,25,21,24,37,33,32,25,32,35,28,25,23,28,31,29,25,22,28,32,32,32,29,34,26,40,28,42,33,27,31,31,37,23,22,34,35,34,30,39,28,30,30,28,28,13,24,32,35,35,32,27,32,31,31,30,19,38,31,21,38,31,38,27,33,34,26,37,28,30,34,33,31,29,31,27,33,34,23,14,28,28,33,21,23,26,34,20,26,19,30,42,30,32,26,39,28,34,23,18,20,38,32,32,33,31,30,41,27,34,24,27,30,21,30,24,35,22,37,38,41,30,32,35,26,29,23,25,20,25,32,27,32,34,26,42
11,31,33,29,24,29,34,34,23,34,24,25,31,28,32,30,26,23,33,30,27,24,26,29,27,28,28,31,25,30,24,26,28,22,22,31,28,24,32,33,31,30,32,29,30,25,29,34,21,25,32,30,27,26,30,29,23,22,21,26,32,26,28,20,28,37,26,27,35,21,39,21,29,30,36,33,13,27,33,28,30,25,31,31,36,31,15,24,27,19,28,34,21,24,26,22,31,28,27,24,32,38,26,25,25,23,28,29,45,31,34,27,33,25,33,27,29,33,27,37,26,20,35,28,22,33,31,28,32,34,22,30,31,30,25,30,34,29,29,25,31,21,29,22,30,27,38,28,23,26,27,29,34,32,38,22,22,31,31,29,32,26,28,32,24,36,32,28,25,33,28,23,32,32,26,31,21,25,26,19,26,35,17,28,27,27,28,37,28,29,35,34,26,24,35,24,27,34,28,30,21,24,25,26,32,31,24,26,29,21,27,26,25,34,24,35,33,36,38,35,24,23,28,25,42,25,35,33,29,34,24,29,26,26,36,31,26,28,40,30,39,27,22,22,25,26,28,28,27,30,30,20,27,16,33,41,22,31,31,33,23,33,28,31,23,31,32,22,28,27,17,20,26,20,22,33,20,28,31,27,20,25,29,23,39,34,31,29,31,20,33,29,35,27,31,29,24,29,25,24,31,24,33,26,26,33,27,26,27,32,33,16,30,31,29,33,15,31,37,28,28,30,31,36,31,35,36,32,30,36,18,29,25,39,30,22,18,26,24,33,29,26,32,27,30,36,34,28,29,27,29,31,29,35,26,33,23,32,25,29,21,30,31,35,23,36,27,26,24,25,28,24,41,45,20,38,29,15,29,19,27,26,36,31,21,34,34,23,26,25,35,36,29,25,28,32,24,28,27,22,22,26,33,38,30,40,30,24,24,27,34,33,21,22,24,30,30,18,30,29,22,32,36,31,39,26,32,34,27,22,28,23,27,31,33,35,24,24,31,25,29,12,32,27,25,31,28,40,25,36,34,30,22,26,31,27,26,34,37,29,27,28,30,31,32,26,30,31,24,33,35,33,26,32,40,25,47,25,24,34,31,27,23,32,30,30,30,29,27,30,28,31,23,26,33,40,33,35,29,30,31,29,34,30,29,28,17,27,24,25,35,28,25,32,33,31,18,34,23,29,23,37,32,32,29,27,27,19,39,29,24,34,38,20,29,29,37,21,22,30,26,34,34,32,31,31,25,27,29,26,34,27,31,30,33,31,25,29,35,23,29,33,26,45,21,35,24,25,19,22,34,27,22,33,36,34,26,35,32,35,40,33,34,27,39,33,34,44,23,26,32,23,22,33,28,26,29,21,34,30,25,22,29,31,19,33,21,26,31,32,31,29,25,30,44,24,15,38,32,20,25,29,35,32,28,32,29,22,26,28,22,24,22,24,30,32,23,32,25,25,41,29,36,32,28,46,37,40,32,30,19,25,33,27,43,22,32,30,28,30,39,27,26,25,32,29,29,28,28,36,28,24,40,28,32,35,29,31,26,30,24,23,43,27,27,28,28,32,25,34,30,38,27,19,29,40,28,31,29,34,31,28,31,22,28,24,36,42,25,18,27,30,30,34,27,26,32,29,25,29,27,17,18,32,37,37,31,24,21,44,33,30,39,23,26,29,29,28,23,37,27,22,28,33,36,26,20,45,26,31,30,24,36,33,39,24,24,26,32,32,26,26,38,21,26,29,33,30,23,29,23,29,21,30,28,33,32,29,20,21,21,29,30,27,37,37,28,22,45,38,18,21,25,32,28,30,24,35,29,25,27,27,24,32,26,21,27,24,30,31,26,30,30,29,27,34,30,29,18,30,27,24,22,31,37,31,24,31,29,19,33,34,35,24,32,32,34,25,27,36,30,22,36,30,31,32,34,28,28,32,28,25,36,18,34,25,31,25,33,23,30,34,31,21,31,35,35,31,37,31,24,26,34,28,28,30,23,18,18,41,26,21,24,24,24,24,35,20,29,39,30,41,23,31,27,34,33,32,26,35,20,20,43,23,43,32,33,41,27,32,22,23,22,27,25,32,33,29,36,29,27,28,24,23,22,26,20,25,38,34,24,27,37,33,35,33,34,25,31,36,34,27,26,27,29,25,22,32,33,30,33,29,32,28,25,24,32,24,35,30,31,30,29,40,41,31,21,24,24,28,27,21,26,23,43,26,28,34,37,28,33,35,24,35,27,33,30,26,36,21,31,24,29,22,29,32,29,27,29,24,32,39
12,25,26,34,40,17,27,25,36,27,32,20,24,28,32,28,30,44,23,19,32,43,32,22,40,25,27,24,27,37,31,25,28,30,30,38,27,38,16,38,31,35,33,37,31,30,32,30,23,28,17,28,32,26,23,25,40,23,26,25,26,27,31,29,19,26,32,24,32,32,24,32,22,34,43,33,27,26,19,29,25,24,33,30,35,23,36,38,31,26,21,35,22,27,37,37,36,25,26,22,34,39,21,36,33,18,27,30,27,35,25,28,30,26,23,33,26,32,35,19,26,37,25,33,39,31,32,24,29,24,27,29,32,37,34,31,33,36,23,36,32,24,36,30,25,36,28,19,30,36,22,23,16,35,33,31,35,34,32,27,24,24,27,24,24,29,30,25,26,41,38,27,31,26,28,31,43,32,27,28,35,23,24,39,32,28,28,26,30,32,30,34,34,23,29,30,28,29,23,32,26,18,24,27,34,31,36,22,25,16,25,25,34,24,26,34,21,30,40,32,15,18,33,28,30,27,28,36,30,33,39,32,37,27,29,33,25,44,22,32,28,32,42,30,35,30,32,32,23,31,23,35,35,34,20,31,37,20,35,27,34,36,38,25,24,37,20,33,20,29,36,31,23,25,34,21,28,39,35,24,27,26,28,29,28,36,21,32,29,25,31,49,27,28,32,34,39,32,36,27,25,26,34,27,34,26,29,28,20,19,29,41,31,26,31,37,27,35,24,36,28,25,24,25,29,26,27,36,37,38,31,33,33,29,27,28,33,39,27,26,32,34,36,27,39,33,27,25,29,26,25,28,32,34,26,38,28,22,29,33,33,22,24,30,29,23,30,35,29,32,27,35,33,25,29,28,29,27,26,26,22,36,30,28,31,28,34,37,25,33,35,24,31,23,39,37,35,29,22,27,37,43,35,26,31,28,30,28,28,27,28,34,23,27,25,33,34,34,30,34,33,39,29,33,40,25,26,30,22,35,30,20,29,27,24,25,32,37,23,31,29,31,28,24,25,34,27,24,27,37,25,27,34,37,23,34,26,30,30,34,35,27,18,30,42,27,31,28,19,34,29,29,36,25,26,27,29,28,26,18,38,35,30,30,30,29,30,26,31,32,28,26,30,37,22,40,39,28,31,33,17,36,33,40,27,38,25,31,33,30,26,32,35,37,31,47,31,32,29,28,30,28,22,33,36,28,26,16,31,41,25,26,34,30,33,39,43,34,15,27,21,28,27,22,25,33,26,28,29,33,25,27,26,30,21,32,33,23,22,34,20,23,30,34,25,28,27,31,30,30,22,28,26,31,23,26,31,23,25,32,24,29,38,23,27,24,35,35,24,40,32,25,31,33,26,27,31,35,30,27,34,39,30,32,33,30,28,36,29,31,40,22,38,24,32,25,38,27,39,35,23,34,40,18,32,37,34,34,29,27,25,32,28,34,28,20,30,33,30,31,27,27,29,23,25,39,37,26,23,28,25,26,29,22,22,31,32,24,31,35,36,36,25,22,39,37,22,26,35,25,29,32,25,23,32,40,27,31,33,30,20,27,25,25,24,37,27,20,27,21,30,30,37,22,29,31,32,37,19,33,36,24,30,24,32,30,25,26,29,33,48,29,31,28,32,26,35,32,20,29,27,33,23,28,25,26,34,27,32,32,23,37,31,32,34,28,33,28,39,36,38,34,30,29,29,27,19,22,30,33,25,25,32,40,26,22,25,35,30,18,37,40,26,25,31,29,36,36,36,28,27,26,33,28,33,31,37,19,28,31,31,27,24,30,33,33,31,35,27,29,28,35,28,25,30,30,26,31,26,36,20,28,30,30,18,29,23,31,38,36,25,26,30,33,35,20,22,34,37,27,25,37,29,32,34,30,32,35,34,30,39,26,32,26,38,37,40,33,19,26,28,30,35,18,29,32,36,35,35,28,28,27,31,35,33,30,31,23,20,25,29,34,35,36,33,20,26,29,28,34,24,30,30,31,30,35,26,36,29,32,22,34,29,27,21,31,25,24,28,28,30,27,43,42,39,27,20,24,16,29,33,36,30,29,22,38,35,40,35,23,26,33,23,33,21,29,24,30,31,31,38,36,25,28,26,42,27,33,31,35,28,36,29,31,29,33,26,43,29,24,19,23,28,26,20,28,36,28,33,45,29,25,38,29,37,18,27,31,31,30,22,29,20,19,16,27,26,23,27,32,24,28,25,35,31,27,25,21,34,33,23,37,34,27,30,33,32,36,34,23,31,32,31,35,29,31,28,21,37,25,38,38
13,27,30,29,28,26,26,21,28,24,35,40,18,30,25,33,31,21,23,29,33,33,28,34,30,26,26,24,11,32,24,29,28,26,29,23,23,29,25,35,37,30,29,21,22,32,22,31,36,26,28,32,22,26,28,23,24,35,22,32,22,25,33,32,26,24,35,29,30,32,29,23,29,32,33,27,30,30,34,32,34,40,38,27,26,30,30,33,30,31,26,32,14,29,33,31,30,29,29,25,40,28,40,33,21,20,20,31,23,26,20,36,36,34,33,25,28,21,28,34,26,26,41,34,36,22,31,31,33,26,29,30,31,25,33,29,27,25,37,23,28,23,23,30,24,23,12,24,22,32,20,28,32,30,30,29,25,27,33,24,31,19,33,28,23,25,33,29,24,26,22,32,40,44,32,30,26,30,32,27,31,25,31,25,24,25,29,18,45,26,25,38,17,34,30,32,21,36,24,29,38,20,26,32,31,32,39,34,26,28,32,32,30,31,27,31,23,32,22,32,30,32,29,31,27,29,30,37,32,29,23,18,28,34,21,29,39,20,28,41,23,35,36,43,39,20,29,25,24,31,26,29,36,37,33,26,27,25,29,31,17,29,34,28,35,35,33,33,27,21,34,25,21,22,21,26,35,35,40,34,31,39,30,23,30,40,25,26,21,26,33,29,26,36,28,25,31,25,22,23,22,35,28,28,25,32,30,16,30,30,25,33,29,43,28,21,19,28,28,33,23,31,34,32,38,37,27,25,25,27,31,30,27,28,28,26,22,34,26,32,32,30,29,40,33,29,32,24,18,25,27,39,36,25,34,42,26,22,27,24,23,29,20,25,25,33,33,33,30,32,33,30,37,33,32,30,31,36,39,29,21,25,24,23,41,29,18,34,28,29,36,28,34,19,32,30,34,17,31,28,28,32,26,27,29,26,33,25,30,29,22,24,19,31,39,25,30,19,28,32,37,42,25,41,31,33,26,30,34,25,31,21,36,29,33,30,39,26,20,31,26,32,30,28,28,22,24,29,35,34,22,29,20,33,25,30,33,35,43,22,17,29,24,37,40,30,24,23,21,25,29,33,30,24,30,23,27,25,24,36,18,31,29,36,25,37,38,30,32,27,30,21,28,34,31,35,31,22,33,24,32,20,29,30,33,29,31,28,21,42,31,29,28,26,33,36,36,33,32,28,24,31,32,25,29,19,32,42,28,30,26,34,35,25,29,24,26,29,27,18,28,25,25,37,29,34,31,39,34,35,25,35,30,35,25,34,39,22,32,32,27,26,25,33,29,22,36,29,29,22,31,30,32,40,33,36,30,20,30,24,29,24,27,35,36,30,24,24,24,25,31,26,37,30,35,31,33,23,27,32,32,28,37,29,34,24,28,33,28,27,29,26,27,23,22,37,34,33,29,30,27,47,25,24,41,32,28,29,35,27,33,25,18,35,29,23,26,25,30,25,26,29,34,25,33,32,30,33,35,26,27,17,33,26,29,30,39,31,25,28,33,22,18,30,27,19,31,27,27,24,30,21,23,20,34,30,30,29,34,27,26,28,32,32,31,36,32,30,37,32,25,25,33,23,29,36,24,25,42,28,32,35,25,33,25,27,27,25,23,31,26,25,35,34,30,28,25,44,21,29,22,19,24,35,29,26,27,24,39,29,22,34,30,26,35,26,34,32,28,23,34,28,18,31,24,37,33,25,24,33,25,31,32,29,21,23,27,21,34,34,24,26,25,31,28,27,23,20,35,27,34,40,30,17,34,31,29,32,18,27,31,25,24,30,30,21,29,44,36,28,33,40,29,34,29,30,24,29,32,23,29,33,33,31,26,42,23,25,31,37,21,28,27,33,31,25,34,24,29,24,28,39,25,29,24,23,32,24,33,21,21,26,27,22,15,38,32,33,33,28,32,38,26,28,25,33,27,25,33,22,26,22,27,31,29,31,26,23,27,30,22,31,25,30,23,33,28,23,38,28,21,34,27,27,28,31,34,17,30,33,39,26,37,29,27,22,32,28,33,31,23,33,32,40,38,32,36,25,43,26,27,28,29,25,25,28,25,31,32,18,31,24,31,30,25,31,30,34,26,27,35,23,27,27,39,29,25,31,24,21,34,35,23,34,21,34,23,29,25,25,23,28,30,27,26,20,33,24,28,22,22,23,34,34,40,35,22,32,31,32,28,30,33,37,43,25,38,32,26,23,24,32,36,26,33,34,31,22,34,32,20,23,32,33,29,26,27,43,29,24,27,32,31,33,38,32,26,30,24,32,33,28
14,33,36,26,26,29,29,34,32,25,27,22,26,42,27,24,33,33,25,30,26,25,36,28,36,26,30,30,26,29,27,31,26,19,30,25,25,30,28,46,25,35,23,24,31,25,30,28,27,39,34,32,37,34,30,24,27,32,29,19,30,35,24,32,32,42,31,26,26,32,16,28,32,33,24,24,36,28,22,30,26,31,32,31,25,32,35,32,24,35,28,17,32,27,32,38,25,24,37,28,30,29,29,36,29,28,26,28,32,28,27,30,28,30,27,23,24,33,25,27,31,24,26,33,24,34,36,21,33,36,26,25,35,25,39,29,27,26,30,29,16,26,31,31,27,37,29,24,30,34,26,36,18,36,16,28,21,28,29,27,22,28,33,28,31,27,26,35,35,23,19,25,25,23,34,30,26,29,25,33,23,36,29,35,27,31,39,22,28,29,31,35,34,34,32,32,25,30,25,25,34,31,25,31,28,31,25,32,20,28,34,22,34,28,24,29,29,25,25,34,23,33,34,41,21,23,31,25,29,22,39,31,26,35,30,34,26,20,28,29,25,29,36,26,28,23,27,24,24,32,23,39,17,28,27,38,18,32,32,21,34,30,27,43,27,24,30,37,31,42,27,21,43,27,28,25,26,27,27,39,28,33,35,29,35,37,34,30,21,27,26,23,25,35,30,27,29,31,22,30,24,33,31,32,29,30,26,26,35,28,26,36,21,34,28,24,29,24,21,26,31,34,32,32,35,18,23,28,26,27,31,31,33,33,35,23,35,30,19,27,31,41,26,29,31,24,29,36,31,39,26,42,42,18,29,39,35,39,32,29,26,30,40,32,27,31,33,33,21,29,28,26,32,33,23,32,24,25,22,30,27,29,19,40,21,29,19,34,32,27,36,25,27,38,30,20,37,29,28,32,23,39,33,25,37,29,25,36,30,31,28,26,26,25,28,31,31,33,26,23,35,24,27,23,27,15,22,34,28,29,36,39,28,24,20,24,22,24,37,33,33,27,32,31,22,30,27,38,28,40,26,28,30,21,30,34,29,32,33,31,28,32,38,31,33,26,31,30,30,31,26,32,29,24,23,31,34,29,25,31,18,39,25,31,25,17,29,30,27,37,33,24,27,23,28,20,27,27,26,24,31,27,22,23,27,20,24,18,32,25,28,39,23,20,28,18,39,32,24,27,37,27,22,30,36,38,27,32,25,26,31,27,27,31,29,28,32,34,38,34,29,30,29,18,34,39,25,27,31,29,28,29,32,21,33,30,34,28,41,24,30,29,30,28,25,22,29,31,36,30,48,36,21,33,17,28,31,35,28,28,31,22,32,38,26,30,26,34,25,24,25,30,19,35,31,35,26,36,35,26,31,33,28,29,36,25,24,28,31,34,30,28,27,23,28,30,21,24,30,31,24,21,35,29,29,36,30,28,36,27,29,23,38,26,25,24,27,34,25,25,26,40,33,37,26,25,28,23,34,34,36,37,28,17,34,32,25,21,18,23,25,35,33,29,30,31,28,31,36,33,26,45,34,33,30,23,35,27,33,38,23,32,33,39,24,37,30,37,39,34,27,30,27,29,25,39,29,32,31,33,30,24,32,30,29,36,37,24,25,28,31,26,27,29,33,34,29,23,28,35,28,24,26,31,47,23,27,24,28,31,24,33,24,32,33,21,23,36,32,25,33,27,39,25,24,24,20,30,28,24,33,20,36,23,40,31,37,35,31,28,29,24,27,30,37,27,28,33,37,31,39,27,24,27,37,15,24,31,31,27,28,31,30,31,34,30,37,22,27,24,32,32,35,36,44,28,32,29,34,27,28,23,25,30,24,35,22,25,27,22,28,29,33,33,32,29,33,28,22,28,35,33,26,23,32,32,29,37,37,36,29,26,22,38,29,28,31,27,31,22,38,27,24,25,36,31,31,31,29,34,37,40,28,29,29,35,34,26,33,26,27,23,29,34,19,20,45,26,27,29,29,32,31,32,20,29,26,28,24,27,30,30,20,23,41,23,25,24,21,25,35,19,27,29,42,25,21,30,25,33,14,26,24,27,31,31,34,26,33,34,25,29,27,44,28,31,27,26,36,22,32,30,29,23,30,29,32,24,29,31,24,30,24,33,27,21,38,29,17,31,32,15,24,30,29,29,30,31,37,32,21,34,33,33,28,19,30,19,30,30,26,33,32,26,39,29,30,35,31,30,28,29,27,34,22,31,34,28,31,31,25,24,28,32,32,38,33,38,30,42,35,27,38,29,23,34,26,33,37,38,32,27
15,26,33,30,27,29,38,31,32,28,26,31,25,36,37,19,31,19,27,26,17,20,25,31,23,30,34,32,35,38,30,34,29,39,28,46,31,29,29,33,40,23,32,32,25,20,26,27,32,33,26,29,33,31,30,36,31,23,24,27,19,31,23,32,27,29,28,37,30,38,29,33,41,30,39,32,25,29,27,26,31,14,40,35,28,41,33,23,27,15,38,29,28,30,25,31,30,17,27,29,35,33,33,28,25,28,23,23,29,32,26,40,36,23,31,27,29,33,30,25,15,27,22,33,24,29,25,30,38,25,30,26,31,30,24,30,33,24,29,26,18,22,37,26,18,36,29,29,25,32,31,27,32,32,30,25,29,18,31,24,28,22,24,25,24,23,38,25,25,28,25,34,39,26,28,29,26,32,28,21,35,34,22,31,35,29,31,31,22,31,27,27,31,22,31,36,33,31,29,25,24,36,29,27,26,30,24,33,50,35,32,27,33,30,23,34,28,24,34,33,33,31,31,37,31,30,28,30,20,28,30,32,30,33,33,23,23,28,39,21,32,25,37,33,30,33,35,27,31,22,24,30,26,32,29,30,28,38,36,23,28,31,26,30,19,19,26,20,30,32,20,18,24,30,30,35,25,27,30,26,31,23,37,28,28,27,31,35,30,23,24,32,29,29,32,27,30,24,31,32,28,15,30,21,33,27,32,31,29,31,34,31,38,32,24,30,40,30,34,22,30,30,21,30,29,33,34,32,34,29,26,23,28,33,22,32,30,29,43,25,21,38,27,24,28,39,32,28,32,29,37,24,17,29,35,25,35,27,30,31,26,30,32,35,31,27,32,36,31,25,29,22,23,29,30,23,24,22,24,31,28,37,21,27,26,34,38,24,27,26,22,23,35,35,33,26,30,22,29,28,31,26,28,29,26,31,32,45,29,26,42,25,39,25,32,31,29,30,23,27,33,28,28,19,20,34,23,29,24,33,29,32,39,28,34,32,38,22,30,30,33,28,21,34,35,32,24,29,33,31,25,41,33,36,35,31,28,28,34,29,32,31,22,20,23,29,32,28,29,28,25,28,26,23,27,34,33,37,27,30,32,33,31,29,36,34,28,32,28,27,30,37,28,35,23,36,38,30,28,28,38,33,19,35,29,29,23,20,31,29,27,30,31,25,32,36,16,30,42,22,37,38,22,21,33,24,29,34,26,36,34,26,31,30,41,20,29,30,34,29,19,27,33,35,27,31,33,27,31,27,36,32,23,26,28,23,33,38,36,34,33,37,22,31,31,29,31,34,29,21,27,29,38,23,32,25,24,19,27,27,26,24,35,19,40,33,36,26,20,27,34,38,32,23,31,23,29,37,29,25,30,24,20,30,24,28,24,28,38,24,30,26,33,35,20,24,33,36,24,28,34,31,42,25,32,25,40,31,26,27,36,28,29,30,22,26,36,34,24,28,25,30,35,28,25,23,27,25,33,30,29,33,28,28,39,19,30,36,36,28,27,37,33,31,30,32,35,34,26,26,19,20,34,26,23,30,36,24,39,25,30,36,27,25,35,32,28,31,31,20,25,33,24,22,34,32,31,31,28,22,30,26,31,34,34,11,37,26,28,27,33,26,28,24,33,36,21,30,35,28,35,24,36,39,33,20,25,30,32,36,28,16,29,38,32,29,25,38,34,27,27,33,39,24,27,29,29,23,32,39,30,16,27,35,30,27,34,31,35,28,30,27,27,26,21,25,24,33,25,29,27,27,30,25,38,32,33,42,34,26,30,31,35,37,36,28,31,21,31,23,31,27,26,26,28,25,22,21,33,28,27,31,19,25,33,32,42,40,27,21,31,20,26,32,32,35,28,33,38,28,29,22,23,30,29,24,23,32,30,29,39,39,30,23,23,25,39,37,40,26,28,33,33,31,23,34,37,22,27,34,37,22,31,29,34,29,33,38,30,23,31,28,31,28,29,36,30,34,26,29,35,36,31,20,37,24,33,38,25,23,24,31,33,28,27,30,30,26,33,29,33,36,26,26,37,40,34,22,29,23,34,26,22,30,20,30,33,34,26,28,37,30,32,29,25,23,31,29,27,25,21,34,33,20,36,33,15,18,32,33,32,26,26,36,24,41,26,24,20,31,35,27,27,49,20,30,25,29,24,29,35,33,29,30,28,29,30,28,24,22,33,31,29,28,24,29,26,22,26,34,31,36,34,14,28,32,26,27,25,32,30,20,28,26,26,41,22,30,26,23,30,26,34,23,24,37,19,31,21,27,30,30
16,26,23,28,33,29,37,27,39,39,28,27,31,34,34,34,29,35,26,20,25,25,28,25,25,26,29,31,26,46,28,27,29,34,25,24,30,32,18,33,32,29,24,25,33,34,25,34,29,27,16,27,35,29,32,29,31,21,24,40,31,33,24,32,29,35,21,30,36,22,40,36,25,30,33,29,24,35,25,36,27,32,22,28,32,34,28,26,32,30,27,27,28,31,21,31,34,23,32,28,20,30,33,23,31,26,28,38,39,29,19,16,34,30,26,31,39,30,30,24,31,25,33,38,30,29,31,30,24,29,37,32,19,37,25,25,31,24,32,35,44,29,27,26,33,23,29,29,27,29,31,18,27,41,39,35,32,27,26,27,28,29,21,37,39,33,27,33,27,18,28,31,29,30,22,21,33,31,28,24,32,30,29,27,29,33,34,36,29,44,22,28,24,34,33,32,33,26,32,32,29,25,37,30,22,27,30,29,24,20,26,29,28,18,43,26,34,37,32,39,40,29,19,17,32,33,21,25,27,29,23,22,25,35,20,33,32,28,32,36,28,31,27,25,26,37,30,30,24,23,32,31,30,25,35,23,28,28,32,33,29,28,28,38,29,33,30,32,21,29,16,20,27,31,21,27,25,44,26,37,27,23,32,26,27,28,28,26,35,36,29,36,17,36,37,36,25,27,28,30,28,43,24,30,40,15,31,34,27,30,34,23,31,22,31,30,22,26,28,26,29,45,29,33,39,45,28,30,23,32,34,27,24,30,32,25,27,27,27,38,30,31,21,26,31,32,33,31,25,34,35,38,26,23,22,25,24,30,28,34,25,26,25,27,30,32,26,27,37,18,33,38,25,20,32,26,38,34,22,31,31,32,34,30,27,37,33,30,33,32,32,35,30,26,29,28,34,17,31,35,39,25,31,38,32,28,28,24,34,21,30,31,19,28,30,30,26,28,28,27,36,27,26,30,25,22,30,29,31,26,29,23,33,32,32,23,42,33,26,25,37,24,28,27,28,26,28,20,28,33,36,32,38,26,30,24,27,44,39,27,24,27,27,26,25,26,27,23,34,26,30,29,29,21,24,32,28,29,26,25,27,31,27,35,31,31,36,23,21,24,29,27,23,20,28,25,25,31,34,30,29,24,15,38,30,31,28,30,28,27,31,26,32,22,23,32,22,24,25,32,28,30,23,18,26,18,29,22,39,29,24,26,29,28,23,23,42,28,37,27,24,28,26,26,30,33,23,29,40,32,28,26,24,37,32,43,28,24,25,26,38,29,28,28,24,24,29,27,18,28,26,33,28,26,28,27,34,30,27,22,28,36,40,29,34,22,29,29,34,27,25,36,27,34,25,29,24,26,40,24,28,32,32,27,36,25,28,23,25,36,31,31,31,21,21,25,30,27,35,37,30,34,27,25,29,35,29,37,37,32,18,32,25,32,30,27,29,32,39,25,29,29,26,32,32,25,34,33,35,32,37,36,23,30,24,27,33,24,29,34,32,30,29,38,30,33,20,32,37,30,32,31,33,22,23,27,36,26,33,29,23,40,18,32,27,26,23,26,29,33,28,29,33,28,26,28,32,24,33,31,21,39,24,26,24,22,29,26,40,33,33,29,22,22,37,24,24,28,26,29,35,37,33,27,28,32,21,25,29,27,30,34,27,28,34,32,24,34,34,30,37,25,26,33,32,24,31,30,37,42,29,30,22,26,29,23,24,31,26,31,32,26,33,32,34,31,44,25,25,40,31,30,24,25,25,35,28,32,30,32,29,20,30,33,28,38,32,26,35,35,25,30,25,29,18,34,28,20,32,34,27,29,31,33,25,22,40,38,28,27,31,19,32,34,30,34,34,21,23,37,33,36,37,21,32,31,39,34,27,40,34,24,30,25,29,29,32,28,19,25,20,33,22,30,28,31,30,37,19,28,30,26,20,29,43,29,28,32,32,30,25,27,32,21,29,31,26,39,31,28,16,24,27,24,27,28,34,26,23,23,26,26,24,27,45,32,24,29,25,28,32,33,26,33,31,24,36,23,23,27,28,33,30,31,32,28,22,26,26,24,24,36,28,35,34,24,38,29,36,22,43,22,26,26,38,32,27,25,31,21,19,34,31,34,27,27,29,39,22,39,25,28,21,25,21,27,22,18,33,37,34,29,31,21,27,32,25,38,33,20,26,27,35,27,32,21,29,27,20,29,23,33,16,44,28,26,30,36,27,33,29,28,32,25,40,30,34,27,21,38,30,30,25,33,27,23,36,42,32,31,29,32
17,30,24,23,37,32,27,30,16,33,19,26,30,31,30,30,34,33,25,28,32,25,29,25,23,39,31,23,28,32,28,25,27,33,26,14,31,26,29,37,27,27,28,26,37,22,29,39,31,28,35,38,23,44,36,33,27,21,32,33,22,27,36,29,34,37,28,36,30,26,32,25,24,31,25,32,44,30,20,26,14,38,28,21,22,33,24,38,27,32,31,24,35,31,33,26,30,33,45,25,32,29,36,28,35,25,25,31,29,29,25,22,31,38,23,39,37,30,24,23,33,21,24,27,26,36,28,25,34,33,34,26,25,26,30,35,21,29,35,29,31,22,29,30,25,23,34,30,27,22,21,24,33,35,21,28,25,30,30,41,25,24,25,35,30,39,39,35,19,36,28,22,33,23,26,32,25,26,23,40,33,36,31,19,28,23,27,26,26,35,22,44,30,24,28,29,34,33,31,33,41,33,25,36,28,34,37,40,31,27,39,18,31,31,24,25,34,30,20,31,25,25,26,36,36,23,22,35,29,33,26,38,30,31,26,35,30,31,24,29,33,36,29,26,28,28,24,32,25,28,24,31,31,35,32,31,32,33,26,26,25,41,30,34,40,23,30,34,20,21,39,22,19,34,27,37,25,27,31,27,33,38,36,22,37,29,39,33,23,30,24,25,33,33,34,42,30,32,34,34,34,24,24,15,33,21,24,19,20,32,19,26,21,26,23,17,32,29,32,30,28,33,29,28,29,33,33,39,26,26,35,32,35,43,27,34,31,29,29,34,20,21,33,23,22,31,19,22,26,24,24,29,29,18,32,39,24,36,21,32,24,25,21,31,30,34,24,28,26,26,21,22,31,26,25,24,34,25,26,35,35,20,28,29,39,23,39,22,29,28,31,30,37,37,18,26,37,30,33,26,23,27,21,28,22,49,27,30,28,25,41,24,24,29,28,33,25,40,32,24,28,30,29,24,35,26,23,30,29,29,28,24,29,37,30,28,20,30,23,22,28,27,30,29,25,33,32,28,32,26,25,25,31,33,31,31,27,29,35,33,26,29,40,28,34,39,30,22,31,31,26,28,30,29,35,15,28,46,31,15,22,27,25,18,21,29,23,30,23,22,20,26,26,36,32,34,31,30,33,32,18,34,34,38,23,30,31,35,24,36,32,33,30,26,31,35,25,30,26,29,18,35,25,39,35,34,32,30,28,25,38,28,33,27,31,33,34,36,33,27,23,33,26,31,32,28,29,26,32,22,42,22,29,34,36,26,30,29,26,39,22,26,23,35,29,34,38,31,39,30,25,31,25,29,33,25,34,23,21,33,32,30,33,31,34,29,33,23,16,36,39,29,42,23,20,27,34,32,25,21,23,31,22,30,28,34,36,23,28,27,30,35,24,24,22,27,49,23,36,23,36,34,23,26,25,29,25,28,38,21,24,30,18,36,24,28,28,32,21,34,29,26,22,30,25,21,36,29,37,24,26,22,39,29,29,25,37,33,41,29,29,24,31,28,34,33,31,23,30,29,37,30,28,23,28,37,38,25,24,34,29,40,38,26,21,38,19,32,34,24,30,31,36,27,35,26,31,26,28,27,33,23,35,32,31,29,27,33,24,28,26,17,35,37,25,31,20,32,25,26,23,31,39,29,29,29,30,26,25,25,22,38,35,29,30,32,23,30,32,29,23,28,26,30,29,30,38,22,33,30,30,37,24,19,33,38,24,18,25,33,16,43,32,35,29,26,32,29,39,29,24,23,27,39,28,29,35,36,36,28,27,36,37,22,23,37,29,35,30,32,34,31,22,27,22,23,32,31,27,32,26,30,22,36,26,24,27,34,23,28,30,31,21,33,34,37,28,24,35,30,34,22,32,32,30,32,32,32,25,31,33,36,31,23,37,27,28,34,33,30,26,31,26,34,29,25,20,38,34,26,29,21,35,31,28,28,30,34,31,24,19,22,30,30,30,38,29,17,36,22,40,25,34,26,33,27,41,23,32,32,30,32,22,30,31,31,33,29,28,25,28,37,24,38,22,29,24,25,32,23,25,25,24,28,28,28,36,27,23,28,19,29,28,34,37,31,31,22,19,22,36,31,29,36,20,31,31,28,36,33,20,25,27,28,33,20,22,32,24,31,22,20,29,30,29,26,34,27,34,30,38,31,27,28,33,26,42,24,28,30,32,25,30,34,20,19,25,26,33,30,27,25,29,34,25,42,44,32,21,31,24,32,35,25,29,26,24,27,24,32,32,27,20,26,45,36,30,34,30,27,36,33
18,29,35,36,28,29,32,25,30,30,40,27,35,29,29,30,33,23,31,32,26,27,34,32,29,34,30,28,35,30,24,30,21,31,30,24,27,19,28,33,24,36,31,24,25,28,22,38,28,32,27,25,28,16,28,31,34,25,34,40,39,33,22,30,27,30,29,31,26,30,19,28,28,30,28,31,31,27,30,40,23,28,36,26,25,34,39,30,27,37,29,35,22,20,27,24,28,28,26,23,26,26,35,34,27,27,19,29,38,24,30,25,30,26,16,33,34,37,32,21,28,33,24,28,25,30,34,36,34,31,31,22,24,32,26,23,25,34,35,33,31,30,30,35,27,37,23,33,31,32,41,35,33,31,28,20,24,22,22,25,28,35,23,25,25,27,27,24,30,30,24,35,39,32,34,25,30,27,35,20,19,26,31,37,27,25,24,26,32,25,32,30,29,28,32,32,29,29,20,27,26,31,22,27,25,23,40,37,33,33,31,27,21,21,30,35,30,29,31,30,27,28,24,28,28,37,34,37,42,31,37,32,26,26,32,28,34,28,23,36,23,28,37,41,29,32,29,29,35,23,30,21,39,21,22,24,31,30,24,26,43,26,27,28,35,20,25,32,33,29,26,21,35,40,28,19,26,25,30,28,30,24,23,33,23,26,20,20,26,28,36,35,19,27,16,27,33,29,33,25,28,36,32,32,20,23,36,27,30,45,31,29,36,34,27,30,27,35,27,24,25,39,31,28,29,31,29,32,34,24,39,20,34,31,14,25,32,27,27,30,31,33,33,13,27,36,25,31,28,22,33,30,22,41,39,21,22,24,17,35,22,32,27,34,27,17,16,24,30,28,39,26,29,35,28,29,39,28,27,31,22,26,27,34,28,31,32,27,27,26,41,27,27,32,26,39,29,31,33,30,21,25,30,32,26,36,37,26,17,33,28,32,37,25,24,28,33,31,22,28,30,25,27,36,32,31,27,25,25,30,26,36,36,33,31,33,27,20,19,27,29,26,26,28,31,32,30,38,19,30,38,31,38,33,31,35,31,31,32,29,25,34,34,23,24,25,23,34,34,31,35,21,35,30,25,21,28,27,33,34,29,35,39,35,33,29,33,30,33,28,26,22,28,22,20,33,31,33,38,26,37,32,34,33,35,16,32,26,29,25,24,28,24,26,25,36,29,40,22,26,24,32,28,34,16,33,31,27,29,29,29,37,24,34,20,24,29,33,32,25,25,27,17,26,38,30,34,35,20,38,19,22,26,42,28,22,27,29,27,36,28,27,34,34,23,26,20,32,30,24,23,32,33,20,30,24,27,25,37,29,23,34,25,36,24,27,25,27,27,19,23,30,25,33,30,29,23,35,19,23,29,31,26,26,22,31,26,23,25,40,20,40,33,25,34,41,28,32,32,26,24,20,33,28,28,31,25,16,27,17,29,37,28,28,30,35,20,27,33,30,24,17,31,23,36,29,25,25,34,27,32,31,31,28,27,31,28,34,24,35,26,27,29,25,26,35,32,45,29,27,25,27,33,22,24,21,32,29,24,35,27,27,33,23,22,23,31,30,21,31,31,33,39,32,33,34,37,42,38,37,29,32,18,27,26,34,25,34,36,32,24,20,31,29,25,30,21,32,26,32,26,29,20,20,26,23,36,35,29,37,30,26,30,27,27,29,42,33,24,27,36,31,20,25,30,26,22,27,31,38,29,36,28,21,30,28,27,24,31,29,27,26,39,26,35,33,35,34,29,27,28,34,28,26,26,20,31,31,32,27,28,25,29,32,22,34,25,21,30,24,28,28,24,28,31,29,24,21,24,36,20,28,23,18,26,29,26,27,29,31,30,22,29,25,33,22,36,30,28,21,18,37,32,18,28,38,29,35,22,25,20,30,35,25,32,26,26,23,31,31,31,41,33,30,39,31,28,25,31,24,34,29,31,18,27,35,31,19,29,27,19,28,25,23,35,28,25,25,26,29,33,38,30,33,27,21,34,28,29,38,34,32,22,22,29,32,37,27,19,29,35,24,32,26,38,28,33,20,37,20,23,21,32,26,28,33,25,35,20,34,36,27,34,25,30,21,22,26,31,20,40,34,31,30,38,34,28,26,35,27,29,30,34,26,32,37,28,27,26,29,31,24,27,24,27,29,27,31,38,31,25,23,32,27,29,34,29,28,30,26,29,28,24,37,31,29,24,25,19,23,38,36,28,20,43,25,25,23,38,33,27,34,38,36,35,34,27,25,29,32,34,33,16,32,27,30,27,24,32,30,36,34
19,24,34,30,26,29,34,30,31,32,25,23,34,33,21,37,33,33,31,24,34,24,28,18,22,28,32,26,18,28,31,17,32,30,28,30,30,23,31,25,25,31,30,28,33,33,32,33,32,30,23,36,30,21,25,30,39,32,30,36,33,25,23,26,30,27,30,23,26,29,33,28,26,24,33,25,23,26,39,14,27,36,22,26,31,27,48,31,40,41,29,29,29,33,34,31,33,36,26,28,28,28,34,34,28,29,31,26,31,35,31,38,30,30,28,26,30,25,40,23,28,27,32,28,26,39,30,31,24,33,23,33,29,23,27,36,33,25,34,28,25,32,27,24,25,31,36,22,34,33,33,20,31,27,26,32,28,35,27,35,29,32,34,27,33,29,31,37,37,30,31,16,35,29,40,27,27,29,33,20,37,33,27,31,31,35,26,30,35,25,24,23,37,32,36,27,34,19,26,34,27,34,18,31,30,24,30,22,26,27,25,38,28,23,29,36,29,30,23,20,27,31,36,31,22,22,29,33,36,37,29,19,37,21,28,29,24,28,27,26,30,27,28,27,28,31,26,28,38,36,27,26,27,22,23,26,36,26,26,35,33,31,27,31,27,29,21,27,20,34,26,36,25,35,25,29,30,22,33,21,28,33,28,36,37,23,23,25,43,26,34,19,24,25,19,35,21,29,22,36,35,27,28,32,31,26,35,30,26,29,32,40,35,28,30,22,34,24,29,38,28,31,28,35,24,32,35,36,30,24,30,31,27,26,29,26,43,25,38,28,24,27,34,33,33,29,25,24,28,35,29,29,39,32,29,26,35,30,30,32,20,27,28,31,28,23,22,29,22,29,33,27,30,33,36,22,31,26,25,28,32,28,35,42,34,40,30,33,33,26,30,22,37,24,35,24,24,24,24,36,37,22,26,49,35,27,43,19,30,32,27,36,29,33,27,28,30,29,33,34,31,29,23,22,26,34,33,44,31,24,23,22,15,26,35,31,26,25,23,29,33,26,27,23,31,26,26,14,45,44,22,21,33,17,32,32,24,33,22,26,29,23,25,36,34,32,34,28,37,33,41,32,21,28,26,29,27,35,33,29,35,32,29,30,27,30,30,26,26,28,25,32,24,32,29,35,29,35,25,31,33,28,25,26,31,25,24,33,32,25,26,28,32,33,37,25,36,30,19,23,26,20,20,24,27,22,26,22,26,23,21,20,33,27,29,24,37,24,36,24,24,37,29,16,32,25,32,36,31,30,30,25,29,32,23,25,28,35,36,23,29,34,26,23,27,28,30,33,28,20,18,25,28,24,30,25,33,29,29,20,20,33,33,27,24,34,27,24,30,26,29,30,20,35,24,33,37,32,29,27,30,29,31,28,30,23,29,32,17,31,28,24,34,42,28,31,26,32,32,25,36,22,35,23,35,22,25,35,32,27,30,35,35,21,36,26,28,32,26,36,41,28,24,37,29,16,27,29,26,24,26,24,36,36,37,32,24,35,25,25,33,26,24,33,23,31,33,35,44,27,27,35,22,26,28,33,22,33,32,24,28,22,34,28,23,31,21,27,37,21,28,28,27,31,24,27,27,32,22,31,31,40,24,28,26,32,26,31,20,32,31,21,32,27,30,32,24,29,29,26,31,22,33,18,32,33,33,26,35,33,32,16,37,36,28,30,28,25,33,27,28,31,31,27,29,24,29,34,30,25,27,39,31,17,35,29,35,27,33,36,23,34,22,33,34,24,31,42,25,15,17,29,37,33,37,29,21,22,14,27,28,22,20,33,27,30,40,33,29,29,24,34,31,37,27,28,25,29,25,38,29,30,32,31,29,29,35,21,29,33,38,32,31,30,28,24,25,32,31,30,28,43,32,21,34,29,29,20,34,33,42,40,23,31,22,31,39,36,32,25,27,28,30,29,26,32,27,36,33,43,30,31,26,22,28,32,28,30,21,35,31,38,28,25,30,20,39,36,27,34,18,34,34,36,29,34,31,29,32,33,35,24,23,33,28,33,22,30,30,26,31,23,28,34,28,26,36,33,30,33,35,26,29,31,25,35,28,22,37,22,28,34,29,30,30,26,20,30,25,33,33,23,24,28,26,21,30,28,26,27,26,33,36,20,24,35,28,29,35,24,26,24,27,29,21,34,28,23,32,28,33,21,29,29,22,25,23,35,31,25,34,28,29,21,25,27,35,31,32,24,37,34,33,29,40,24,26,29,34,36,23,18,23,36,20,18,26,19,23,24,28,30,26,25,28,32,31,25,33,31,35,23
20,24,37,27,28,26,32,33,21,28,24,23,28,25,22,34,30,38,31,35,28,31,22,27,18,35,35,24,25,37,30,35,28,37,29,26,36,22,26,40,22,23,25,29,32,22,26,35,24,28,33,27,16,28,15,18,29,26,23,34,32,15,31,38,30,23,20,29,26,17,27,29,26,32,37,33,37,34,24,31,26,30,31,27,28,27,35,31,28,33,25,31,31,32,28,26,26,29,26,34,31,35,30,28,32,31,41,38,23,31,36,30,33,19,27,30,19,35,21,29,24,20,32,33,29,20,34,30,29,37,26,25,34,42,33,20,21,30,22,29,34,21,44,25,28,30,31,27,16,33,26,27,34,29,32,26,29,40,33,25,26,29,22,32,31,24,28,32,29,34,30,31,27,36,27,34,31,27,21,30,37,31,26,35,34,29,24,36,35,33,28,30,42,26,40,34,26,30,23,29,26,24,34,32,32,26,32,31,34,35,20,35,30,26,29,31,32,28,27,22,28,25,32,29,23,39,25,33,31,30,32,22,32,28,37,25,40,25,31,22,35,29,29,38,36,24,21,33,26,27,21,22,21,38,30,23,22,24,37,27,18,33,32,37,26,30,26,42,34,37,36,25,30,32,31,23,29,25,28,33,25,36,28,33,23,28,27,29,36,23,28,29,31,27,24,32,24,31,35,29,25,30,34,25,25,16,36,33,26,33,40,33,34,30,30,35,27,29,34,37,26,37,39,23,33,24,35,38,34,30,32,23,20,25,32,21,24,29,26,17,13,42,30,31,25,31,40,26,32,36,34,21,36,26,33,29,21,21,23,26,26,37,28,30,29,24,22,25,28,27,24,22,27,31,33,32,39,35,25,33,32,32,31,26,41,30,19,35,33,32,29,25,23,34,23,32,24,42,29,32,28,28,29,33,24,20,37,27,30,32,32,31,23,30,28,31,28,34,28,30,25,31,18,28,19,25,27,29,35,25,23,30,26,15,32,23,27,40,30,44,30,29,29,24,23,33,29,24,46,26,33,37,29,26,29,13,19,29,35,38,40,26,29,33,39,33,21,32,23,35,34,38,30,22,21,30,29,34,23,29,37,29,41,23,27,27,37,28,24,28,18,36,20,28,40,25,28,22,36,30,21,27,35,26,38,26,25,26,21,35,29,29,29,35,32,34,31,21,23,24,27,43,27,40,39,31,35,24,30,26,33,26,32,24,32,36,31,37,23,28,28,27,36,34,23,20,24,29,26,19,24,34,24,37,33,29,22,29,28,27,27,26,35,21,27,27,31,34,32,27,40,26,23,26,25,19,26,23,27,30,22,23,32,38,25,27,27,30,31,26,26,28,33,24,20,30,19,29,42,28,20,23,31,32,35,36,29,25,27,27,29,27,31,33,23,35,28,24,36,24,36,29,30,31,26,32,29,30,31,31,33,30,27,35,25,16,26,26,32,29,34,27,39,31,35,28,27,36,33,29,36,25,32,36,28,38,26,36,27,31,31,26,34,27,33,27,35,18,23,37,23,19,40,33,35,26,33,22,30,36,48,34,38,30,36,23,24,32,19,26,37,34,23,36,25,27,38,40,28,31,32,29,23,21,23,38,31,26,24,41,22,31,28,34,29,25,32,28,34,22,29,25,32,34,36,33,23,36,36,25,22,29,24,37,28,39,30,26,30,36,29,32,21,30,27,29,22,27,23,24,23,28,38,28,21,31,28,34,38,25,29,23,30,23,33,25,30,24,19,30,23,27,34,33,23,29,31,31,20,29,27,31,32,37,53,30,27,26,40,33,21,30,20,28,21,28,30,29,32,35,33,25,31,35,29,27,27,25,37,29,26,30,31,25,32,36,32,28,34,35,29,31,26,32,25,32,37,30,32,33,32,28,25,33,32,21,33,38,23,28,27,41,40,20,34,32,41,22,32,30,23,32,30,25,32,28,35,31,30,32,31,27,27,32,26,33,21,34,29,28,30,38,39,35,28,35,23,44,25,33,29,31,25,31,36,26,28,26,35,32,24,31,32,26,29,29,27,37,29,25,30,39,26,26,28,32,30,30,28,25,32,34,23,29,31,36,22,31,36,31,31,23,28,25,31,35,31,27,28,30,29,29,32,23,38,17,34,25,33,31,28,30,41,21,32,25,37,48,16,42,29,24,21,34,18,32,32,30,26,21,27,26,27,21,32,35,26,33,19,35,21,30,27,31,37,29,27,38,27,29,31,33,31,31,31,24,32,33,19,30,27,25,17,26,26,27,27,30,31,28,29,24
21,26,27,30,33,20,25,39,27,25,17,31,36,24,37,33,29,32,39,23,22,30,35,31,25,40,22,30,31,36,21,25,27,36,30,32,29,26,32,33,28,25,23,23,25,37,20,34,25,33,23,28,23,35,31,22,37,24,29,40,28,16,21,24,29,28,39,24,37,15,32,28,26,25,26,25,35,33,31,24,28,32,27,36,23,19,34,27,27,28,31,28,36,36,28,39,23,34,34,27,29,32,36,37,27,26,34,29,23,22,29,30,33,31,23,33,22,38,29,34,31,27,36,33,28,27,26,31,24,30,23,29,29,36,33,26,33,33,22,33,29,30,29,37,30,23,27,33,28,27,20,29,29,34,27,30,26,25,28,20,33,33,30,21,41,31,27,23,43,27,23,23,32,34,39,20,22,36,32,26,25,22,22,31,22,20,28,32,20,24,18,29,31,31,29,31,33,40,43,33,33,24,30,33,35,34,32,26,33,20,22,20,34,32,24,35,25,34,30,25,25,27,28,25,23,24,29,33,39,28,32,25,23,29,33,31,22,24,34,34,28,19,27,23,27,28,25,29,28,33,33,31,30,37,18,22,29,24,28,28,22,31,28,42,36,32,32,31,30,29,28,29,41,25,22,38,29,25,34,28,29,21,24,30,28,27,29,27,33,25,33,23,30,25,36,21,25,34,29,30,34,32,26,34,32,34,33,22,40,24,27,41,24,28,32,35,32,31,18,25,29,22,25,25,27,31,30,35,29,32,33,32,42,29,26,29,18,29,24,27,35,26,28,31,20,22,31,28,21,30,31,28,26,24,32,29,25,27,26,33,26,28,31,27,28,30,27,29,26,29,28,29,29,30,29,24,30,26,29,32,31,30,35,37,38,33,29,22,30,22,34,25,20,31,38,34,32,25,32,25,22,21,35,27,29,33,24,30,29,22,21,26,29,26,20,32,26,30,40,22,23,26,34,37,29,34,28,23,24,29,26,29,31,21,39,20,29,31,27,28,37,39,17,35,26,30,37,34,33,26,35,32,40,24,25,21,34,28,28,33,25,31,31,38,21,25,30,28,23,28,26,33,19,21,40,28,34,30,41,26,25,31,19,24,29,34,43,37,35,30,30,29,29,36,36,22,27,31,27,23,21,21,30,23,31,23,31,18,27,21,29,30,29,26,33,27,19,27,26,33,30,29,27,34,24,25,22,37,24,29,33,29,22,31,29,25,22,33,40,29,22,28,32,32,29,34,32,35,38,24,30,31,35,29,33,28,26,35,33,28,36,30,40,29,30,23,31,28,30,31,36,24,22,30,30,32,32,33,32,26,29,30,22,13,28,26,31,25,27,34,24,30,27,33,29,33,27,27,33,27,33,26,40,35,29,28,25,27,31,30,30,26,37,30,26,34,30,20,27,32,34,31,23,28,32,27,37,23,27,20,26,22,21,15,29,17,30,28,36,26,26,23,21,30,32,30,29,33,33,31,25,23,21,30,35,24,26,33,29,25,23,36,25,26,33,33,28,33,35,21,19,21,25,32,25,31,30,25,27,27,34,27,38,25,24,36,28,21,24,32,23,33,23,23,28,30,31,34,21,26,26,28,35,38,23,25,32,38,28,31,33,25,32,34,40,45,24,35,31,34,27,29,26,28,28,22,30,25,32,33,29,34,20,31,35,27,32,26,27,31,28,38,24,45,41,21,24,32,32,24,27,31,32,29,26,23,22,27,21,26,31,34,29,28,35,27,28,26,33,31,31,34,28,25,41,31,29,33,27,33,28,20,27,33,23,30,29,21,28,31,32,27,26,19,31,24,26,23,36,24,35,31,35,28,22,29,24,37,30,19,26,24,29,29,34,20,36,31,35,34,33,22,28,35,23,40,40,25,26,21,30,23,35,33,31,32,24,27,27,27,30,35,32,33,31,32,25,40,36,28,27,26,39,19,28,38,29,35,30,18,32,30,33,26,27,34,28,24,32,25,24,23,26,25,23,29,33,24,23,33,30,31,27,25,36,26,31,31,29,46,26,20,32,31,40,32,27,30,29,35,27,28,35,35,33,33,40,26,31,36,26,31,25,31,33,28,37,33,32,29,27,21,24,24,32,27,29,26,31,38,40,29,34,24,33,21,30,38,22,32,32,32,23,25,25,37,25,28,35,30,31,25,30,25,28,31,30,29,27,27,31,22,31,33,24,23,33,30,20,36,29,24,30,25,18,30,32,33,25,37,34,24,31,35,31,26,32,27,30,34,30,33,32,27,33,26,51,48,29,36,31,28
22,30,38,20,24,32,31,33,28,28,38,22,33,36,22,28,23,27,31,27,18,30,27,28,24,26,30,35,36,18,29,31,33,39,23,31,35,34,35,25,28,32,36,27,22,29,28,26,25,25,31,34,33,19,33,26,24,19,35,28,31,18,26,27,29,25,30,29,30,33,22,39,39,29,24,32,34,30,27,29,32,24,33,22,35,30,25,32,23,26,27,20,28,38,33,29,32,31,30,26,23,27,26,23,25,37,31,34,26,30,29,29,45,23,32,33,28,39,26,29,29,35,21,30,27,32,17,26,37,26,26,31,27,25,24,23,35,27,22,27,26,34,34,22,41,24,25,41,29,22,31,37,24,27,28,32,22,40,30,27,26,23,24,25,27,32,36,29,29,36,31,37,27,31,39,27,27,39,24,23,35,27,34,23,33,34,32,25,28,32,36,33,32,32,32,23,21,18,28,32,42,28,41,31,22,25,28,30,28,21,40,23,21,26,29,25,26,29,36,19,30,27,23,35,35,25,23,26,27,21,25,34,33,26,22,39,25,41,19,31,31,32,27,34,41,36,34,30,34,29,26,27,34,27,34,32,23,29,27,42,26,21,22,31,32,31,34,29,32,29,43,30,27,36,22,36,19,28,38,29,23,29,40,24,32,30,26,46,34,41,32,20,36,30,30,26,32,29,25,29,34,22,19,25,29,37,29,36,29,30,26,31,27,28,35,31,33,36,19,38,25,30,31,28,22,29,39,24,28,24,27,28,28,39,24,31,31,24,23,34,31,36,38,30,29,32,31,29,32,27,32,28,22,27,25,33,31,35,31,29,37,33,32,32,29,28,24,28,37,28,21,35,30,35,30,32,28,29,22,22,29,36,35,27,28,36,30,25,33,31,18,32,33,26,24,30,34,31,28,34,26,23,25,41,23,22,26,30,23,28,24,33,35,27,30,27,20,25,24,26,28,37,31,33,32,27,32,30,33,28,29,33,28,19,32,32,31,35,32,27,30,25,40,42,30,37,24,29,29,44,29,31,24,28,36,32,30,31,27,41,33,23,33,21,26,33,28,28,22,32,29,26,31,28,32,28,22,36,28,29,32,27,32,19,31,30,27,35,32,27,23,24,31,41,23,25,31,32,27,27,28,34,31,23,32,28,29,26,28,30,24,27,22,26,22,40,33,30,31,27,41,21,29,32,36,30,36,32,29,25,37,24,29,28,24,38,29,22,24,29,25,36,29,39,37,25,26,27,26,22,24,36,27,39,30,27,31,34,30,25,31,30,42,26,23,27,22,25,27,27,27,29,22,23,23,32,38,19,25,25,25,32,34,27,22,38,18,29,25,34,33,46,34,42,25,26,15,29,26,25,19,22,24,28,37,30,26,34,38,28,27,29,24,35,32,27,26,35,26,27,28,40,23,21,28,29,37,25,28,32,34,25,20,29,31,36,30,31,24,32,29,38,26,26,37,29,25,21,39,22,26,37,27,31,35,31,28,16,28,29,31,31,25,39,33,34,23,26,33,31,25,29,40,23,29,24,36,42,32,27,31,22,20,31,29,36,38,27,31,28,25,37,25,25,32,35,30,22,28,17,23,36,29,28,19,30,32,33,36,32,30,25,37,26,31,32,31,21,35,33,38,26,29,23,24,18,33,31,29,20,21,22,33,25,30,26,38,35,27,28,29,36,25,34,27,28,30,31,22,21,17,31,20,30,40,30,33,30,23,32,31,29,28,29,28,20,22,35,26,37,33,29,29,36,18,26,34,31,26,32,25,27,30,31,35,36,34,26,21,28,30,29,28,18,36,34,20,26,30,24,28,34,39,25,34,35,33,35,27,25,34,34,32,24,38,27,30,32,26,36,28,27,35,27,35,18,35,27,26,35,21,25,29,35,33,29,28,22,37,26,25,32,32,32,38,36,30,30,35,31,32,25,29,25,28,22,33,32,27,26,30,34,39,29,25,22,22,26,29,33,23,36,30,32,27,27,25,26,26,31,19,32,23,24,22,22,26,19,29,41,30,31,32,35,33,35,26,27,24,32,22,41,32,25,33,32,33,35,24,24,35,16,33,26,33,30,25,30,24,31,28,37,36,22,38,26,25,38,33,26,28,27,28,36,31,33,35,21,22,33,37,27,23,34,30,35,34,26,36,17,28,28,29,26,25,25,28,37,28,42,28,36,26,20,35,29,22,26,31,24,22,20,31,35,28,23,31,31,33,28,24,27,30,39,35,25,26,33,32,23,33,38,25,24,28,30,23,24,28,28,29,24
23,33,26,30,25,27,28,31,32,22,29,25,25,27,28,24,40,18,27,30,21,29,27,25,23,18,28,29,27,24,19,28,27,34,21,21,36,21,37,35,31,27,29,35,30,38,36,32,28,35,34,34,28,40,22,32,21,35,39,25,29,29,23,21,25,42,19,19,41,33,32,23,31,31,28,31,36,37,24,31,37,28,26,34,24,26,26,23,34,29,27,29,29,36,34,22,34,27,25,37,23,36,25,32,34,20,24,31,37,24,36,31,24,29,20,35,31,26,36,27,31,24,38,21,25,24,23,26,38,38,30,26,24,26,28,24,26,30,32,28,25,35,31,32,36,38,28,33,35,22,26,23,26,17,35,31,19,24,31,29,33,22,28,24,32,35,29,28,31,29,28,25,33,29,28,39,27,37,29,26,29,40,42,29,31,24,25,42,30,31,24,31,31,34,39,19,25,27,27,24,26,24,26,25,26,38,26,27,37,29,31,27,25,20,35,29,35,23,24,30,29,36,28,30,20,32,29,29,33,26,28,33,21,22,38,27,30,35,25,29,28,24,36,36,21,32,29,34,20,29,31,37,33,29,46,33,24,30,37,27,40,28,15,22,29,22,28,29,34,19,31,29,31,32,35,35,27,33,30,30,25,29,26,29,32,18,28,31,24,31,29,35,33,37,35,34,28,39,28,28,21,22,29,26,37,35,38,39,25,32,25,35,25,35,30,29,24,36,31,25,36,47,25,32,39,24,35,33,37,28,37,28,36,36,24,26,44,27,30,17,29,24,28,29,25,36,40,33,34,32,37,25,27,28,32,30,27,22,28,30,33,22,27,35,34,30,26,27,28,30,25,35,26,19,34,22,28,26,29,30,29,30,32,27,28,28,29,29,40,22,32,31,26,36,32,29,27,44,21,45,30,33,32,31,34,25,28,26,28,33,24,33,23,28,33,29,32,31,38,32,33,39,34,26,36,33,36,34,24,26,33,27,29,39,30,35,27,26,30,17,37,32,30,27,35,30,33,42,23,22,33,22,37,28,26,24,31,26,22,36,16,28,33,31,27,29,32,38,31,31,31,29,30,29,22,27,31,28,27,20,33,26,25,30,29,35,29,28,34,36,27,26,30,22,24,28,33,32,28,24,40,33,32,26,46,18,26,33,27,26,36,24,35,37,23,28,23,41,17,26,34,27,38,45,40,34,40,26,25,28,19,36,31,23,25,33,35,28,29,36,32,33,25,34,24,31,31,13,31,29,25,28,35,33,25,29,38,23,26,33,25,31,29,29,20,28,32,32,42,39,34,29,30,27,30,31,28,26,24,24,30,31,23,28,30,27,26,30,26,28,44,38,36,28,39,34,26,27,30,24,25,30,25,36,31,45,30,27,27,30,36,35,22,28,23,29,31,31,29,23,27,45,31,29,27,28,29,28,35,30,37,27,27,22,34,17,23,31,31,40,34,25,18,25,31,30,37,28,24,32,32,32,27,32,34,25,25,25,31,24,32,34,40,24,30,22,27,23,34,39,31,25,41,35,25,30,27,37,29,23,37,31,27,23,27,21,26,24,48,37,20,31,20,27,36,27,26,37,39,27,32,28,25,30,31,25,32,31,33,34,25,15,29,29,34,30,34,27,38,36,34,33,31,25,21,27,33,26,27,23,41,33,33,32,29,35,31,30,29,26,26,22,26,25,28,37,32,26,36,27,27,27,28,28,30,30,31,34,20,26,20,30,26,28,29,28,28,34,34,29,28,21,26,20,32,26,34,31,35,26,28,40,39,31,34,27,24,20,37,31,29,32,25,24,20,19,34,29,45,29,29,37,29,26,22,26,20,19,36,25,25,25,23,33,21,31,34,31,34,33,30,24,33,30,32,31,36,27,28,25,37,29,37,27,29,30,30,32,31,27,39,21,28,27,39,34,27,28,40,21,21,36,26,24,31,48,22,24,32,39,30,38,30,34,25,27,30,26,36,32,15,23,30,32,25,37,29,29,30,24,30,21,24,39,34,25,29,33,22,37,29,32,17,30,27,21,39,25,23,39,35,33,27,32,25,29,25,38,27,27,39,18,26,24,32,31,35,28,30,26,28,21,39,33,39,38,33,29,29,29,35,36,25,30,19,29,29,34,28,32,24,25,27,31,20,23,25,21,22,27,37,23,36,25,30,30,32,21,25,23,39,34,24,31,28,28,23,29,26,35,27,33,29,22,17,27,38,21,24,22,25,34,33,41,32,18,22,41,21,37,43,26,22,31,31,23,28,29,24,29,19,26
24,28,26,21,26,27,27,30,36,26,35,31,28,34,24,29,28,26,31,35,31,31,24,22,29,26,30,27,28,26,26,26,26,34,28,25,32,19,35,23,27,28,28,25,30,22,32,33,24,33,28,20,30,25,32,19,28,27,22,25,38,28,26,26,25,27,19,39,21,32,24,31,41,28,25,34,32,26,41,24,24,26,37,26,32,20,29,26,20,31,25,31,34,28,29,32,29,29,34,31,24,18,23,31,27,29,25,26,27,25,34,28,36,34,23,26,25,35,26,40,29,31,21,19,27,28,26,27,25,20,23,25,32,30,33,23,39,27,33,24,30,37,28,21,25,29,28,21,37,19,28,35,24,35,34,21,28,21,30,30,24,28,21,28,25,28,34,20,27,24,32,39,28,22,28,35,29,26,28,22,26,24,33,23,29,39,30,34,21,39,29,35,28,28,37,30,32,28,32,39,19,28,33,31,30,25,32,31,27,25,29,27,38,26,35,27,22,36,33,39,32,28,26,31,31,35,29,35,30,34,22,26,29,37,29,20,39,31,29,29,29,11,30,21,24,24,31,32,33,35,25,32,30,24,40,29,33,34,24,30,21,30,23,31,28,34,22,39,29,26,28,43,31,25,24,30,18,25,31,27,24,32,27,27,30,26,28,23,30,27,17,26,28,36,31,34,31,28,30,20,29,34,28,26,26,30,30,41,39,23,25,31,23,30,21,37,26,25,26,36,30,29,32,23,29,34,37,26,22,23,23,24,33,22,38,27,32,30,40,22,36,28,27,28,22,29,37,20,24,29,29,26,16,30,26,32,34,35,35,40,36,30,30,27,22,26,23,30,27,34,26,25,35,27,29,27,23,30,33,33,20,31,38,31,34,32,31,33,24,24,33,36,25,20,23,17,36,27,26,29,33,29,19,32,26,36,25,20,29,24,27,27,23,32,31,29,26,26,19,33,30,37,34,23,27,27,21,26,34,31,27,30,23,21,34,35,24,26,34,45,34,29,25,29,32,23,33,40,28,33,23,33,23,25,21,34,35,21,31,26,24,23,25,31,27,31,32,23,28,32,25,31,27,28,27,29,32,26,25,37,25,33,23,27,28,39,20,16,41,29,27,37,35,29,23,27,32,23,29,27,20,32,29,30,23,32,24,36,22,28,30,26,29,26,28,23,26,38,24,25,36,22,38,31,35,28,30,23,28,37,24,33,34,27,26,26,31,41,36,27,32,28,30,31,25,29,20,29,23,29,30,24,34,28,32,36,28,27,22,17,28,29,25,28,28,21,35,29,31,30,28,22,29,35,28,27,19,22,30,23,18,19,28,27,21,33,33,42,41,25,18,25,35,28,31,17,27,29,30,31,28,24,28,26,38,35,32,28,23,36,24,27,26,34,26,23,28,26,26,31,28,24,29,30,30,28,30,30,26,35,26,31,36,35,33,30,20,21,34,25,34,30,33,31,26,33,37,27,27,32,27,33,27,26,39,30,29,23,34,29,33,28,29,39,26,21,34,27,23,28,29,43,32,20,23,19,23,33,34,33,32,25,42,26,27,26,27,25,29,29,29,26,42,27,26,25,27,25,24,31,37,28,41,40,29,34,29,32,33,20,32,30,25,32,31,32,31,28,24,23,29,27,20,24,31,28,35,29,31,31,24,30,34,25,27,33,43,28,29,31,30,20,23,29,22,29,32,27,30,29,27,32,29,36,27,30,31,22,23,29,32,23,32,31,39,32,18,28,32,21,20,30,29,30,31,22,34,27,35,33,27,34,26,30,26,26,31,31,35,28,26,31,27,31,28,32,32,29,29,27,27,33,23,32,32,32,25,36,26,25,36,37,19,35,41,26,24,30,32,30,32,35,32,37,31,28,35,34,33,26,31,23,32,30,23,34,33,34,30,18,35,27,24,36,26,23,27,21,38,40,31,30,30,37,32,19,44,17,29,32,24,30,23,31,35,21,28,38,27,36,36,28,28,23,31,37,31,34,28,32,31,28,32,30,23,22,24,31,25,25,29,29,32,32,29,17,32,23,22,27,21,28,26,33,32,30,36,33,40,21,24,27,28,34,38,30,33,27,35,29,31,41,27,29,29,31,19,31,33,28,29,35,29,36,39,24,35,34,34,29,28,36,30,24,30,32,25,24,27,34,24,34,27,24,27,30,22,22,33,26,32,32,33,42,20,18,33,22,26,24,23,34,28,35,29,29,30,36,19,30,44,34,35,24,37,28,25,33,24,21,22,24,24,32,25,25,28,31,35,27,28,25
25,21,22,29,24,21,25,19,35,28,23,30,20,33,37,23,24,31,39,23,27,25,33,34,34,31,25,25,27,33,22,30,31,27,32,30,31,26,26,29,35,36,26,28,31,28,30,22,35,31,36,31,29,28,38,25,26,30,31,42,33,16,25,37,19,22,33,36,34,27,27,29,34,32,26,32,31,23,29,31,19,38,41,34,29,21,33,25,34,34,24,29,25,26,30,36,36,39,21,28,28,23,32,26,24,23,23,24,27,35,34,30,25,29,33,18,31,31,30,33,38,33,28,29,31,34,24,36,35,21,31,30,32,24,26,32,35,25,23,27,21,25,36,33,21,24,32,21,32,28,31,33,40,20,34,33,42,27,32,28,31,30,28,36,21,25,29,33,34,25,27,33,36,35,28,30,34,29,29,32,44,33,27,27,35,24,26,27,27,25,29,28,23,28,25,26,31,34,23,30,31,15,33,37,18,26,19,29,38,25,32,29,25,28,23,23,26,34,27,35,29,20,27,27,31,26,23,21,32,23,33,21,28,26,26,25,30,33,27,31,28,27,36,31,39,32,36,30,24,36,28,27,35,28,30,25,27,33,30,36,29,32,25,35,30,29,24,27,22,26,28,23,22,25,38,38,18,21,29,28,40,26,28,29,29,23,43,32,29,35,20,30,26,40,27,20,26,34,34,38,25,30,22,36,33,36,30,22,30,30,31,26,27,26,25,34,19,28,27,28,29,24,26,26,31,40,28,31,32,27,30,31,23,31,35,39,44,44,30,38,29,33,28,20,22,32,24,34,38,27,27,31,28,22,32,23,44,25,32,26,26,23,31,23,19,28,30,28,23,33,26,25,24,24,28,33,22,33,28,34,30,28,44,25,32,32,39,26,30,28,34,32,32,31,29,29,26,28,30,34,26,21,28,37,33,28,20,34,33,29,30,29,26,27,29,39,27,26,27,23,27,31,36,23,31,37,26,30,22,31,36,20,27,33,36,33,27,29,37,38,28,32,29,30,20,29,31,32,37,25,27,32,28,26,34,31,23,31,34,22,27,26,19,28,34,33,24,32,33,20,20,28,44,26,25,32,27,31,41,24,26,29,31,40,34,26,33,39,25,31,29,31,26,36,24,35,36,38,42,28,28,25,30,32,32,34,26,38,36,38,23,31,31,33,27,30,36,33,21,23,38,37,33,32,32,26,23,49,23,37,34,29,31,23,33,27,21,34,25,28,24,31,38,30,28,31,21,31,27,42,42,27,32,25,30,27,28,25,35,38,26,28,33,31,27,24,30,27,30,30,36,31,30,33,25,21,29,28,22,22,33,25,23,26,31,22,24,32,26,26,36,24,28,32,25,29,28,21,30,27,27,17,28,33,34,32,30,30,28,32,34,34,25,25,29,35,29,42,28,29,34,23,27,31,18,29,25,38,36,29,29,30,21,33,32,24,28,31,29,35,20,23,40,36,29,23,23,34,38,29,35,29,25,38,35,36,26,30,23,28,28,39,24,25,30,30,27,35,31,27,26,33,22,24,26,37,36,26,30,29,21,26,31,27,28,31,20,21,24,31,30,39,31,28,27,35,28,28,28,27,24,42,17,20,26,32,27,21,27,29,31,15,27,22,27,26,34,23,20,39,35,30,30,30,32,19,29,21,27,38,23,31,19,42,22,38,27,30,37,26,26,19,23,34,35,28,27,27,36,31,27,30,29,30,35,30,35,26,38,22,28,30,31,22,32,21,40,31,31,32,35,33,37,33,34,30,26,18,18,30,27,27,34,21,23,27,34,29,34,29,41,29,26,30,25,35,25,23,27,29,39,30,27,33,29,30,35,27,24,27,29,25,33,35,41,17,33,34,37,25,27,17,18,34,32,22,26,27,21,28,31,23,26,34,31,26,30,25,33,26,28,35,27,35,35,26,34,32,27,25,22,31,27,24,35,24,36,24,31,21,27,25,33,28,35,21,31,25,24,17,35,23,26,28,32,38,32,27,33,40,37,28,26,34,30,29,30,38,34,27,28,28,25,27,34,32,31,29,21,24,32,33,19,34,29,32,25,26,30,29,25,34,25,33,28,30,40,24,37,35,23,25,27,29,30,34,28,42,23,26,25,33,30,30,28,31,19,28,24,35,28,24,30,26,26,16,22,29,34,27,33,29,21,23,28,30,33,32,20,30,34,33,27,34,24,28,29,33,19,25,25,25,18,29,21,29,39,30,21,26,41,30,27,29,30,28,32,35,28,32,18,27,23,30,34,27,30,21,26,35,36,16
26,26,31,33,40,19,30,28,34,26,35,31,27,31,24,31,33,40,30,14,24,21,28,28,33,29,20,30,37,35,32,26,24,30,31,20,32,25,33,29,38,42,28,28,29,33,33,34,32,33,38,27,30,30,36,25,40,39,41,23,30,33,29,23,20,34,21,24,30,31,32,25,37,40,32,27,23,22,35,30,32,27,34,26,32,25,31,40,30,24,26,26,21,28,37,20,34,31,27,19,30,39,35,33,19,26,36,30,22,26,30,27,32,38,36,29,31,31,31,32,27,27,29,31,21,25,34,27,26,23,34,33,24,33,33,27,31,26,24,34,30,24,28,25,28,32,25,36,24,26,37,27,28,22,33,23,25,31,35,23,24,32,26,33,25,24,22,38,29,27,24,23,25,35,25,30,24,28,29,34,31,33,35,31,34,18,26,31,33,36,28,32,26,18,33,16,36,34,25,30,25,34,19,40,26,29,22,32,21,26,27,31,31,40,28,42,20,25,33,30,29,30,30,28,31,28,20,27,27,33,32,20,29,34,18,21,35,24,26,27,24,30,27,29,21,34,38,22,25,31,34,33,31,33,30,28,34,24,31,36,23,33,30,25,31,22,32,50,20,27,20,22,30,28,33,37,31,24,23,35,26,29,20,28,28,20,31,36,21,27,32,23,18,29,33,42,26,29,41,27,26,24,21,32,22,24,30,27,19,32,27,31,21,30,29,29,28,32,29,28,34,28,28,28,29,26,27,30,29,29,32,27,31,22,25,31,26,30,26,19,36,25,33,26,26,34,31,27,33,33,25,32,21,36,21,31,30,23,30,22,25,37,37,28,30,25,25,30,31,27,28,25,21,35,30,30,30,33,37,42,32,28,28,25,39,16,34,28,28,33,26,29,28,35,25,35,22,23,35,28,22,30,28,27,31,39,40,18,39,24,29,26,33,35,22,30,34,28,38,28,40,31,31,35,27,23,32,29,37,38,33,33,34,31,25,32,35,27,28,33,26,32,28,26,29,30,31,36,23,27,38,31,25,37,31,26,35,29,28,29,32,33,32,37,31,33,28,23,32,23,34,33,23,28,28,28,33,35,28,33,34,39,32,27,37,31,34,33,29,29,27,26,36,21,33,26,23,34,45,23,37,24,27,23,31,27,32,34,30,30,33,36,40,23,25,27,32,31,38,26,29,26,29,16,32,32,27,13,30,28,26,21,31,20,29,26,34,29,30,26,23,33,29,39,34,27,27,38,27,33,25,34,30,40,32,25,39,31,35,25,36,31,21,28,35,31,34,27,25,30,16,31,34,30,39,22,27,31,26,26,27,26,27,22,38,27,35,25,29,32,24,28,31,33,28,30,16,26,30,30,29,38,35,42,30,30,35,27,26,29,31,36,29,24,28,28,22,42,39,19,28,27,28,34,26,19,22,27,23,36,32,37,32,20,23,29,33,28,34,25,24,19,26,35,36,21,44,32,27,34,26,22,41,29,34,33,27,29,32,36,32,37,27,38,35,29,28,37,30,32,24,28,28,37,35,23,34,28,30,26,21,35,28,31,37,23,27,20,26,29,23,29,31,23,28,27,33,26,35,33,29,23,31,27,35,30,31,34,27,33,34,35,31,32,23,27,30,31,18,27,37,26,31,39,28,23,31,28,27,21,26,32,31,20,38,22,28,33,34,20,25,32,25,32,30,33,31,32,27,25,26,38,24,33,35,28,18,19,30,29,35,28,21,28,37,26,38,25,25,25,28,21,40,40,34,34,37,23,32,27,29,36,28,36,23,23,28,28,37,30,22,33,23,32,32,22,33,33,29,28,33,31,26,15,29,27,18,19,25,24,28,30,28,27,32,24,31,30,31,27,30,25,35,35,28,31,42,33,36,32,25,32,21,24,38,32,30,24,25,34,26,27,30,52,32,28,26,23,23,27,27,28,29,31,47,35,23,26,23,24,33,28,34,26,22,26,34,38,31,21,33,15,37,28,34,32,19,21,32,23,34,27,38,27,31,29,33,29,29,30,26,27,26,34,30,28,24,30,27,27,26,25,22,33,32,21,28,30,25,31,24,34,22,28,33,33,38,33,32,38,29,34,27,26,23,24,32,27,20,33,31,37,27,35,25,37,21,30,24,24,29,28,35,26,28,29,28,28,24,28,34,33,34,28,30,33,29,25,24,29,36,30,34,27,34,34,22,36,32,26,28,36,33,31,24,24,26,26,30,30,26,36,25,27,23,22,29,30,25,28,39,21,32,19,31,31,27,32,22,26,20,24
